Step, Time, PreyPop, PredPop, MutantPop, PreyInCaptureRange, PreyInCaptureRangeQuesting, PreyInCaptureRangeHandling, PreyConsumed, PredHandling, Polarization, Crowding, CrowdingQuesting, CrowdingHandling, CollectivePred, CollectivePrey
50,4.999998,1079,104,0,815,592,223,0,31,0.2819567,2.846154,2.808219,2.935484,True,False
100,10,1164,100,0,915,553,362,1,44,0.4104439,3.01,3.357143,2.568182,True,False
150,15.00002,1280,105,0,962,656,306,1,33,0.3525037,4.838095,4.708333,5.121212,True,False
200,20.00004,1376,111,0,1173,723,450,1,46,0.2893341,6.054054,5.676923,6.586957,True,False
250,25.00006,1512,115,0,1247,769,478,2,44,0.4442784,5.826087,5.56338,6.25,True,False
300,30.00008,1624,120,0,1652,950,702,1,50,0.4132296,5.8,6.057143,5.44,True,False
350,35.00004,1746,124,0,1702,926,776,1,55,0.4695743,7.451613,7.26087,7.690909,True,False
400,39.99996,1896,127,0,1868,1117,751,1,49,0.4071462,9.007874,9.153846,8.77551,True,False
450,44.99989,2052,136,0,1969,1039,930,2,65,0.5199455,7.441176,7.12676,7.784616,True,False
500,49.99981,2202,143,0,2147,1085,1062,2,74,0.4362569,12.6014,12.66667,12.54054,True,False
550,54.99973,2384,157,0,2673,1337,1336,4,78,0.4121426,9.452229,9.13924,9.769231,True,False
600,59.99966,2527,167,0,3072,1441,1631,3,90,0.3700287,9.077845,8.506494,9.566667,True,False
650,64.99958,2689,176,0,3724,1744,1980,4,91,0.3100724,9.017045,8.858824,9.164835,True,False
700,69.9995,2844,193,0,4041,1760,2281,3,106,0.2761651,9.072539,8.471265,9.566038,True,False
750,74.99943,2962,220,0,4875,2049,2826,4,128,0.1978638,9.954545,9.119565,10.55469,True,False
800,79.99935,3078,238,0,4956,1993,2963,1,145,0.3193173,10.38655,10.17204,10.52414,True,False
850,84.99928,3188,257,0,6014,2280,3734,3,160,0.3179016,8.910506,8.484536,9.16875,True,False
900,89.9992,3314,273,0,6694,2795,3899,7,156,0.2975606,9.959707,10.62393,9.461538,True,False
950,94.99912,3400,299,0,7689,2916,4773,3,189,0.2613328,11.41472,11.41818,11.4127,True,False
1000,99.99905,3412,349,0,7988,3128,4860,1,211,0.3494956,12.46705,12.38406,12.52133,True,False
1050,104.999,3460,405,0,10166,3902,6264,3,255,0.5143775,11.98025,12.49333,11.67843,True,False
1100,109.9989,3438,459,0,11615,4823,6792,6,270,0.5924251,14.43137,14.48677,14.39259,True,False
1150,114.9988,3343,537,0,12844,5250,7594,9,323,0.6062066,13.46741,14.13084,13.02786,True,False
1200,119.9987,3203,592,0,13267,5152,8115,4,369,0.6916873,18.71622,19.50224,18.24119,True,False
1250,124.9987,3066,651,0,13327,5826,7501,9,367,0.7672191,15.56528,15.67606,15.47956,True,False
1300,129.9987,2913,734,0,14138,5752,8386,7,421,0.7398511,15.0327,16.01597,14.30166,True,False
1350,134.999,2717,792,0,13626,6343,7283,9,421,0.7967042,17.04293,16.85445,17.20903,True,False
1400,139.9993,2464,855,0,13355,6628,6727,3,431,0.8000721,17.32631,18.25,16.41763,True,False
1450,144.9996,2241,905,0,13894,7072,6822,10,446,0.8521268,16.42762,16.55773,16.29372,True,False
1500,150,1984,942,0,12640,6248,6392,8,464,0.838186,16.69851,16.98536,16.40302,True,False
1550,155.0003,1710,978,0,10499,5791,4708,11,435,0.8675986,18.9274,18.95028,18.89885,True,False
1600,160.0006,1479,1017,0,9227,5268,3959,14,423,0.8647105,19.32153,19.4798,19.09929,True,False
1650,165.0009,1268,1054,0,8203,5047,3156,6,394,0.8777649,19.15844,19.41515,18.72843,True,False
1700,170.0012,1022,1065,0,6697,4307,2390,8,375,0.9119285,18.39437,18.21159,18.73067,True,False
1750,175.0015,837,1075,0,5851,4036,1815,9,327,0.8972805,16.89953,16.95722,16.76758,True,False
1800,180.0018,660,1037,0,4877,3670,1207,3,258,0.912443,17.52073,17.49551,17.5969,True,False
1850,185.0021,487,1005,0,3418,2578,840,4,242,0.8958748,16.43184,16.52818,16.1281,True,False
1900,190.0024,379,974,0,2381,1931,450,1,195,0.9082772,19.09343,19.0475,19.27692,True,False
1950,195.0027,281,924,0,1340,1158,182,1,136,0.9150512,19.31385,19.31472,19.30882,True,False
2000,200.003,235,851,0,1240,1075,165,4,109,0.9317719,17.64042,17.66846,17.44954,True,False
2050,205.0033,189,787,0,984,873,111,1,94,0.9531145,18.23126,18.19336,18.51064,True,False
2100,210.0036,157,720,0,819,735,84,1,63,0.9629006,18.49028,18.45205,18.88889,True,False
2150,215.0039,136,654,0,494,469,25,0,41,0.9642748,17.45566,17.3752,18.65854,True,False
2200,220.0042,117,606,0,331,307,24,1,46,0.9610893,18.14686,18.1875,17.65217,True,False
2250,225.0045,105,558,0,412,393,19,1,27,0.9488117,16.3871,16.38041,16.51852,True,False
2300,230.0048,97,502,0,251,225,26,0,23,0.9588951,15.4263,15.38413,16.30435,True,False
2350,235.0051,99,452,0,228,218,10,0,12,0.9461428,16.3385,16.45909,11.91667,True,False
2400,240.0054,95,411,0,183,181,2,1,11,0.9467432,17.47445,17.45,18.36364,True,False
2450,245.0058,99,374,0,220,215,5,1,7,0.9572904,15.96791,15.92916,18,True,False
2500,250.0061,89,335,0,193,187,6,0,12,0.9474809,15.68358,15.72446,14.58333,True,False
2550,255.0064,91,309,0,194,179,15,1,14,0.9474697,16.42395,16.47119,15.42857,True,False
2600,260.0067,98,276,0,114,109,5,0,10,0.9590794,16.44928,16.56015,13.5,True,False
2650,265.007,105,258,0,121,118,3,0,9,0.9663775,16.83721,16.94779,13.77778,True,False
2700,270.0073,101,238,0,198,191,7,0,10,0.957301,16.56302,16.78509,11.5,True,False
2750,275.0076,105,219,0,131,125,6,0,11,0.9589478,16.55708,16.82692,11.45455,True,False
2800,280.0079,106,205,0,125,120,5,1,10,0.9628192,14.41951,14.33333,16.1,True,False
2850,285.0082,106,188,0,81,79,2,0,12,0.9630141,14.11702,14.13636,13.83333,True,False
2900,290.0085,119,172,0,130,127,3,0,13,0.9054928,12.84884,13.02516,10.69231,True,False
2950,295.0088,130,149,0,131,119,12,0,9,0.94023,10.71141,10.70714,10.77778,True,False
3000,300.0091,138,147,0,193,183,10,0,11,0.8976499,10.89796,10.80882,12,True,False
3050,305.0094,144,137,0,157,142,15,0,14,0.9101732,10.0292,9.764228,12.35714,True,False
3100,310.0097,162,121,0,134,124,10,0,7,0.9225085,8.892562,8.842105,9.714286,True,False
3150,315.01,178,112,0,73,68,5,0,12,0.905266,9.857142,9.8,10.33333,True,False
3200,320.0103,182,106,0,121,103,18,0,12,0.8796126,9.075472,9.106383,8.833333,True,False
3250,325.0106,202,98,0,90,82,8,0,7,0.8770789,11.20408,11.50549,7.285714,True,False
3300,330.0109,217,93,0,104,103,1,0,6,0.868132,10.53763,10.73563,7.666667,True,False
3350,335.0112,236,94,0,113,99,14,1,8,0.8638308,13.90425,13.81395,14.875,True,False
3400,340.0115,271,86,0,97,91,6,0,9,0.8606344,14.46512,14.55844,13.66667,True,False
3450,345.0118,305,79,0,191,180,11,0,5,0.8985775,11.13924,11.33784,8.2,True,False
3500,350.0121,334,78,0,169,161,8,1,4,0.8764513,11,11.25676,6.25,True,False
3550,355.0125,375,71,0,144,131,13,0,9,0.8967742,10.47887,10.53226,10.11111,True,False
3600,360.0128,416,66,0,178,157,21,0,8,0.915276,7.621212,7.655172,7.375,True,False
3650,365.0131,461,57,0,173,147,26,0,10,0.9480045,6.491228,6.468085,6.6,True,False
3700,370.0134,533,53,0,212,185,27,1,7,0.9413198,7.245283,7.565217,5.142857,True,False
3750,375.0137,587,51,0,167,130,37,0,8,0.8989311,6.431373,7.116279,2.75,True,False
3800,380.014,661,48,0,209,160,49,1,10,0.9173287,9.75,10.52632,6.8,True,False
3850,385.0143,731,47,0,191,154,37,0,9,0.8461026,7.829787,8.263158,6,True,False
3900,390.0146,813,44,0,268,188,80,1,11,0.7476463,7,6.636364,8.090909,True,False
3950,395.0149,922,47,0,306,187,119,0,19,0.6962705,7.702127,7.964286,7.31579,True,False
4000,400.0152,1042,44,0,291,213,78,1,13,0.691527,9.772727,10.12903,8.923077,True,False
4050,405.0155,1174,49,0,528,338,190,0,19,0.6112865,10.36735,10.9,9.526316,True,False
4100,410.0158,1306,50,0,418,213,205,0,25,0.6605646,9.28,9.56,9,True,False
4150,415.0161,1454,49,0,490,288,202,0,18,0.6104779,9.102041,9.258064,8.833333,True,False
4200,420.0164,1628,50,0,471,320,151,0,15,0.6936437,9.24,10.28571,6.8,True,False
4250,425.0167,1845,47,0,749,453,296,2,17,0.6702553,6.553192,6.833333,6.058824,True,False
4300,430.017,2061,49,0,655,347,308,1,26,0.8498915,6.489796,7.565217,5.538462,True,False
4350,435.0173,2243,51,0,796,378,418,3,25,0.7976856,6.803922,5.115385,8.56,True,False
4400,440.0176,2466,53,0,902,394,508,0,31,0.7497111,6.113207,5.090909,6.83871,True,False
4450,445.0179,2693,60,0,1294,589,705,2,35,0.6227568,5.166667,4.32,5.771429,True,False
4500,450.0182,2952,63,0,1241,614,627,1,32,0.7100832,5.746032,6.193548,5.3125,True,False
4550,455.0186,3203,65,0,1553,714,839,2,34,0.6433552,6.107692,4.612903,7.470588,True,False
4600,460.0189,3438,70,0,1760,627,1133,0,45,0.6730956,6.2,5.48,6.6,True,False
4650,465.0192,3675,80,0,2360,628,1732,0,59,0.5947068,6.675,5.619048,7.050848,True,False
4700,470.0195,3894,89,0,2376,722,1654,0,64,0.6984715,8.067416,7.36,8.34375,True,False
4750,475.0198,4121,101,0,2883,960,1923,1,66,0.6612464,9.564357,10.17143,9.242424,True,False
4800,480.0201,4318,108,0,3483,1338,2145,0,67,0.5670684,8.351851,9.170732,7.850746,True,False
4850,485.0204,4490,145,0,4620,1759,2861,5,88,0.5265177,8.882759,8.631579,9.045455,True,False
4900,490.0207,4667,167,0,5801,1975,3826,1,109,0.6092204,10.03593,11.01724,9.513762,True,False
4950,495.021,4756,203,0,6953,2180,4773,0,140,0.498285,12.18719,12.06349,12.24286,True,False
5000,500.0213,4827,245,0,9370,3275,6095,8,157,0.5940496,10.69388,10.32955,10.89809,True,False
5050,505.0216,4926,288,0,10583,3766,6817,2,189,0.7047763,11.13889,10.9495,11.2381,True,False
5100,510.0219,4933,327,0,11881,4037,7844,4,217,0.7338626,10.65443,10.32727,10.82028,True,False
5150,515.0213,4909,392,0,14452,4592,9860,10,272,0.6722425,11.68112,11.55,11.73897,True,False
5200,520.0201,4842,454,0,16340,4143,12197,3,340,0.7559062,12.08811,10.61403,12.58235,True,False
5250,525.0189,4763,519,0,18927,5395,13532,8,374,0.8106924,12.46821,11.18621,12.96524,True,False
5300,530.0176,4611,611,0,21133,6405,14728,5,424,0.7276861,14.05074,14.01604,14.06604,True,False
5350,535.0164,4402,690,0,21646,7009,14637,5,469,0.8305695,15.0058,15.13122,14.9467,True,False
5400,540.0152,4125,788,0,23005,7975,15030,11,517,0.8014116,16.37564,17.77491,15.64217,True,False
5450,545.014,3785,890,0,21942,8328,13614,14,550,0.8115907,18.54157,19.32059,18.06,True,False
5500,550.0128,3455,978,0,23338,9496,13842,10,578,0.8023461,17.19121,17.0175,17.31142,True,False
5550,555.0115,3005,1100,0,23682,9621,14061,13,646,0.806096,18.21545,17.88326,18.44892,True,False
5600,560.0103,2561,1216,0,21179,10028,11151,11,643,0.7932914,19.03043,18.96684,19.08709,True,False
5650,565.0091,2078,1339,0,18951,9836,9115,16,639,0.8125907,18.38835,18.56143,18.19875,True,False
5700,570.0079,1631,1398,0,15663,8300,7363,14,634,0.8348016,20.82976,21.06152,20.55047,True,False
5750,575.0067,1200,1437,0,12206,7110,5096,7,594,0.8294837,18.26235,18.31198,18.19192,True,False
5800,580.0054,892,1410,0,8950,5779,3171,6,478,0.8842506,18.98227,18.88734,19.16736,True,False
5850,585.0042,598,1381,0,5355,3920,1435,8,359,0.8935458,21.2042,21.25245,21.06685,True,False
5900,590.003,429,1323,0,3519,2711,808,8,262,0.8928633,19.31066,19.38454,19.01145,True,False
5950,595.0018,287,1256,0,2366,1915,451,2,216,0.9148833,19.26433,19.25865,19.29167,True,False
6000,600.0005,206,1175,0,1501,1318,183,1,143,0.9236925,19.82468,19.76163,20.27972,True,False
6050,604.9993,157,1075,0,1131,1007,124,1,101,0.9334794,18.66884,18.71869,18.18812,True,False
6100,609.9981,122,982,0,775,704,71,3,68,0.918435,19.27393,19.26149,19.44118,True,False
6150,614.9969,74,913,0,395,372,23,0,48,0.9293025,19.24644,19.19653,20.14583,True,False
6200,619.9957,66,826,0,308,292,16,0,36,0.9474432,20.85714,20.73671,23.5,True,False
6250,624.9944,61,760,0,251,242,9,0,22,0.9621709,18.44737,18.46477,17.86364,True,False
6300,629.9932,55,671,0,189,183,6,0,16,0.9649118,18.10432,18.16794,15.5,True,False
6350,634.992,48,608,0,150,147,3,0,12,0.9535444,18.52303,18.56376,16.5,True,False
6400,639.9908,48,561,0,198,197,1,0,5,0.9567351,18.70588,18.71583,17.6,True,False
6450,644.9896,49,497,0,159,156,3,0,7,0.9484437,19.13078,19.16939,16.42857,True,False
6500,649.9883,45,443,0,133,130,3,0,9,0.9341708,16.5079,16.45622,19,True,False
6550,654.9871,43,414,0,160,158,2,0,9,0.9293095,17.16425,17.22222,14.55556,True,False
6600,659.9859,44,378,0,81,79,2,0,10,0.9431589,19.31217,19.39946,16.1,True,False
6650,664.9847,40,341,0,54,54,0,0,11,0.9544784,15.78886,15.80909,15.18182,True,False
6700,669.9835,39,323,0,28,28,0,0,5,0.9514654,15.58514,15.56604,16.8,True,False
6750,674.9822,41,285,0,75,73,2,0,7,0.9439136,14.69474,14.67986,15.28571,True,False
6800,679.981,43,262,0,98,97,1,0,2,0.9595188,14.51908,14.5,17,True,False
6850,684.9798,44,239,0,56,54,2,0,4,0.9588653,13.45607,13.51489,10,True,False
6900,689.9786,43,219,0,28,27,1,0,6,0.9451597,12.82192,12.78873,14,True,False
6950,694.9774,49,201,0,66,65,1,0,7,0.9509896,12.1393,12.09278,13.42857,True,False
7000,699.9761,51,187,0,64,63,1,0,4,0.9398971,11.25134,11.20765,13.25,True,False
7050,704.9749,55,173,0,32,31,1,0,2,0.9473008,12.25434,12.24561,13,True,False
7100,709.9737,59,156,0,54,54,0,0,1,0.949245,12.85897,12.87097,11,True,False
7150,714.9725,63,141,0,25,24,1,0,4,0.9551802,11.12766,11.08759,12.5,True,False
7200,719.9713,68,127,0,54,53,1,0,5,0.9416338,10.23622,10.11475,13.2,True,False
7250,724.97,76,119,0,68,66,2,0,3,0.9384495,9.436975,9.465517,8.333333,True,False
7300,729.9688,79,112,0,87,80,7,0,6,0.9210734,9.392858,9.358491,10,True,False
7350,734.9676,87,97,0,70,69,1,0,3,0.9404473,8.164948,8.138298,9,True,False
7400,739.9664,95,89,0,65,65,0,0,3,0.9485048,7.64045,7.72093,5.333333,True,False
7450,744.9651,106,83,0,69,68,1,0,2,0.9448938,7.313253,7.320988,7,True,False
7500,749.9639,119,75,0,55,54,1,0,2,0.9142207,7.733333,7.821918,4.5,True,False
7550,754.9627,135,74,0,87,86,1,1,2,0.8789009,7.972973,8.083333,4,True,False
7600,759.9615,145,69,0,68,66,2,0,6,0.8355159,7.594203,7.809524,5.333333,True,False
7650,764.9603,167,65,0,115,107,8,0,6,0.8465984,7.2,7.135593,7.833333,True,False
7700,769.959,186,61,0,89,87,2,0,5,0.8253716,7.901639,7.928571,7.6,True,False
7750,774.9578,200,56,0,71,63,8,0,6,0.7892619,7.035714,6.86,8.5,True,False
7800,779.9566,213,52,0,59,50,9,0,7,0.7036164,6.307693,6.466667,5.285714,True,False
7850,784.9554,238,48,0,111,104,7,0,3,0.754355,5.875,5.866667,6,True,False
7900,789.9542,272,46,0,85,73,12,0,5,0.7591885,6.217391,6.414634,4.6,True,False
7950,794.9529,305,47,0,100,80,20,0,8,0.5568056,5.319149,5.461538,4.625,True,False
8000,799.9517,340,47,0,86,70,16,0,9,0.7102789,5.446808,5.447369,5.444445,True,False
8050,804.9505,393,45,0,136,109,27,0,10,0.5561587,5.333333,5.4,5.1,True,False
8100,809.9493,450,44,0,174,138,36,1,8,0.6471091,5.909091,5.527778,7.625,True,False
8150,814.9481,513,42,0,129,118,11,0,3,0.6615983,5.857143,6.025641,3.666667,True,False
8200,819.9468,579,37,0,135,96,39,0,9,0.7529477,6.702703,6.607143,7,True,False
8250,824.9456,652,36,0,211,149,62,0,9,0.5236801,5.722222,4.777778,8.555555,True,False
8300,829.9444,735,41,0,209,133,76,0,13,0.5702074,5.365854,4.392857,7.461538,True,False
8350,834.9432,819,38,0,193,150,43,1,9,0.7041712,7,6.172414,9.666667,True,False
8400,839.942,933,41,0,267,214,53,0,8,0.6343446,5.609756,6,4,True,False
8450,844.9407,1063,41,0,390,280,110,0,12,0.7711416,5.560976,5.413793,5.916667,True,False
8500,849.9395,1185,45,0,511,289,222,1,20,0.669578,6.111111,5.48,6.9,True,False
8550,854.9383,1339,54,0,603,307,296,0,26,0.6351458,6.666667,6.642857,6.692307,True,False
8600,859.9371,1480,59,0,671,366,305,2,25,0.6232201,7.20339,6.647059,7.96,True,False
8650,864.9359,1682,65,0,732,424,308,0,27,0.5545118,6.984615,7,6.962963,True,False
8700,869.9346,1863,66,0,986,601,385,1,28,0.6294643,7.393939,8.236842,6.25,True,False
8750,874.9334,2052,64,0,904,490,414,0,32,0.6328639,6.96875,7.3125,6.625,True,False
8800,879.9322,2229,67,0,1175,547,628,2,35,0.6031162,6.507463,5.78125,7.171429,True,False
8850,884.931,2425,74,0,1185,579,606,0,38,0.5696197,7.513514,6.583333,8.394737,True,False
8900,889.9297,2638,77,0,1528,777,751,0,39,0.7069645,6.623377,6.31579,6.923077,True,False
8950,894.9285,2865,94,0,2013,928,1085,1,52,0.6114995,7.914894,7.5,8.25,True,False
9000,899.9273,3073,106,0,2316,1007,1309,2,62,0.6218871,7.009434,6.954545,7.048387,True,False
9050,904.9261,3257,132,0,3155,1358,1797,1,75,0.6399845,7.560606,7.052631,7.946667,True,False
9100,909.9249,3459,141,0,3543,1220,2323,3,94,0.5014977,8.4539,8.553191,8.404255,True,False
9150,914.9236,3624,160,0,4516,1763,2753,4,94,0.6044855,8.4,7.727273,8.87234,True,False
9200,919.9224,3784,187,0,5476,2137,3339,2,114,0.5413344,8.786097,8.835616,8.754386,True,False
9250,924.9212,3888,229,0,6172,1950,4222,4,154,0.5300633,12.37555,12.13333,12.49351,True,False
9300,929.92,4015,256,0,7468,2748,4720,4,165,0.6308479,9.640625,10.1978,9.333333,True,False
9350,934.9188,4075,299,0,8327,2979,5348,3,196,0.758211,10.21405,10.57282,10.02551,True,False
9400,939.9175,4185,344,0,10546,4053,6493,2,212,0.7672548,11.42442,11.04545,11.66038,True,False
9450,944.9163,4165,398,0,11713,4608,7105,7,242,0.7596442,11.65578,12.05769,11.39669,True,False
9500,949.9151,4100,481,0,14131,5020,9111,8,308,0.7677039,13.91268,14.52601,13.56818,True,False
9550,954.9139,4029,541,0,15833,5702,10131,8,340,0.766713,12.22736,11.72637,12.52353,True,False
9600,959.9127,3874,620,0,17282,6272,11010,5,396,0.7190709,13.71129,13.73661,13.69697,True,False
9650,964.9114,3658,715,0,17897,6758,11139,6,448,0.7703685,17.15385,16.99251,17.25,True,False
9700,969.9102,3360,827,0,18495,7375,11120,14,504,0.7517407,17.09794,16.96594,17.18254,True,False
9750,974.909,3088,902,0,18409,8363,10046,12,489,0.7502987,20.47117,20.91768,20.09407,True,False
9800,979.9078,2747,992,0,16279,7318,8961,13,526,0.7600972,19.72883,20.04936,19.44487,True,False
9850,984.9066,2388,1087,0,17001,8374,8627,7,537,0.7439412,18.94204,19.57818,18.2905,True,False
9900,989.9053,2057,1120,0,14671,7542,7129,16,521,0.8121277,19.98571,19.84641,20.14587,True,False
9950,994.9041,1724,1174,0,12442,6589,5853,8,535,0.8483275,19.51448,19.53521,19.48972,True,False
10000,999.9029,1402,1214,0,11459,6576,4883,10,503,0.8333042,19.18946,19.20816,19.16302,True,False
10050,1004.902,1116,1224,0,8128,5107,3021,9,440,0.8460466,21.27696,20.46428,22.725,True,False
10100,1009.9,856,1211,0,6775,4470,2305,10,402,0.869086,18.35921,18.4351,18.20647,True,False
10150,1014.899,676,1166,0,5140,3669,1471,4,310,0.8772938,17.81218,17.83294,17.75484,True,False
10200,1019.898,486,1123,0,3742,2854,888,4,254,0.9004813,19.16919,19.32106,18.64961,True,False
10250,1024.897,380,1075,0,2271,1843,428,6,181,0.9181895,18.65116,18.57383,19.03315,True,False
10300,1029.896,309,1022,0,2046,1694,352,0,144,0.9257017,19.22309,19.54897,17.23611,True,False
10350,1034.894,242,958,0,1385,1207,178,1,109,0.9380972,18.39457,18.55006,17.18349,True,False
10400,1039.893,204,891,0,987,872,115,0,89,0.9560743,19.97082,20.06983,19.07865,True,False
10450,1044.892,183,812,0,594,555,39,0,64,0.9603838,19.26108,19.37433,17.9375,True,False
10500,1049.891,165,738,0,640,582,58,2,52,0.9730557,20.33875,20.32653,20.5,True,False
10550,1054.89,144,676,0,546,499,47,0,43,0.9612992,20.03698,20.05845,19.72093,True,False
10600,1059.888,130,631,0,425,400,25,0,38,0.9526439,18.8019,18.7774,19.18421,True,False
10650,1064.887,125,571,0,439,421,18,1,25,0.9493028,17.31173,17.36813,16.08,True,False
10700,1069.886,110,502,0,384,363,21,0,30,0.9581867,18.66733,18.72881,17.7,True,False
10750,1074.885,100,462,0,289,272,17,0,27,0.959186,17.48918,17.46207,17.92593,True,False
10800,1079.883,98,429,0,311,287,24,1,21,0.9483005,18.31702,18.33578,17.95238,True,False
10850,1084.882,85,389,0,262,253,9,0,22,0.9586399,16.47815,16.49319,16.22727,True,False
10900,1089.881,81,360,0,232,220,12,1,13,0.9452805,17.61111,17.48415,21,True,False
10950,1094.88,75,330,0,113,106,7,0,15,0.9567111,16.21212,16.27619,14.86667,True,False
11000,1099.879,73,299,0,143,141,2,0,9,0.9519389,15.89632,15.97931,13.22222,True,False
11050,1104.877,69,271,0,180,172,8,0,9,0.9410182,17.00369,17.07252,15,True,False
11100,1109.876,73,255,0,98,96,2,0,5,0.9753184,18.14118,18.192,15.6,True,False
11150,1114.875,75,241,0,72,69,3,0,9,0.9680585,15.72614,15.76293,14.77778,True,False
11200,1119.874,81,213,0,88,87,1,0,4,0.9494704,14.71362,14.61244,20,True,False
11250,1124.872,87,193,0,88,87,1,0,4,0.9549805,13.68912,13.75661,10.5,True,False
11300,1129.871,93,173,0,62,62,0,0,3,0.9330606,13.54913,13.40588,21.66667,True,False
11350,1134.87,94,160,0,138,136,2,0,6,0.9336008,12.75,12.59091,16.83333,True,False
11400,1139.869,94,144,0,45,42,3,0,6,0.9212219,11.41667,11.33333,13.33333,True,False
11450,1144.868,110,135,0,77,74,3,0,7,0.9215291,12.57778,12.60938,12,True,False
11500,1149.866,126,125,0,96,88,8,0,10,0.9361235,12.64,12.95652,9,True,False
11550,1154.865,144,110,0,115,106,9,0,12,0.874228,11.32727,11.72449,8.083333,True,False
11600,1159.864,153,101,0,82,76,6,0,7,0.8889208,10.49505,10.64894,8.428572,True,False
11650,1164.863,177,89,0,71,64,7,0,8,0.8801064,9.910112,10.08642,8.125,True,False
11700,1169.861,213,79,0,134,127,7,0,5,0.9464216,13.39241,13.28378,15,True,False
11750,1174.86,234,78,0,167,148,19,0,11,0.8661522,12.26923,12.1791,12.81818,True,False
11800,1179.859,264,74,0,213,180,33,0,11,0.8635879,10.62162,10.74603,9.909091,True,False
11850,1184.858,293,71,0,85,69,16,1,10,0.8555144,10.64789,10.59016,11,True,False
11900,1189.857,327,69,0,73,54,19,0,10,0.8483353,10.95652,11.40678,8.3,True,False
11950,1194.855,375,65,0,137,122,15,0,10,0.853321,9.692307,10.18182,7,True,False
12000,1199.854,414,62,0,184,156,28,1,12,0.7819172,8.387096,8.66,7.25,True,False
12050,1204.853,456,61,0,199,181,18,0,6,0.7798382,8.819673,8.963636,7.5,True,False
12100,1209.852,516,65,0,225,193,32,1,9,0.7249118,7.430769,7.339286,8,True,False
12150,1214.85,559,62,0,182,132,50,0,15,0.7359469,7.483871,7.787234,6.533333,True,False
12200,1219.849,616,66,0,281,206,75,1,16,0.6702578,7.969697,8.56,6.125,True,False
12250,1224.848,705,64,0,278,233,45,1,11,0.6580533,8.71875,8.754717,8.545455,True,False
12300,1229.847,798,67,0,350,275,75,0,15,0.7778418,7.552239,7.192307,8.8,True,False
12350,1234.846,883,65,0,464,342,122,0,19,0.811778,8.83077,8.782609,8.947369,True,False
12400,1239.844,1000,68,0,409,295,114,1,20,0.7645164,9.735294,9.083333,11.3,True,False
12450,1244.843,1112,66,0,593,408,185,0,21,0.8393148,9.939394,9.844444,10.14286,True,False
12500,1249.842,1241,67,0,549,360,189,1,23,0.7957278,8.791045,8.045455,10.21739,True,False
12550,1254.841,1384,71,0,727,354,373,2,36,0.8423648,8.056338,8.657143,7.472222,True,False
12600,1259.839,1570,72,0,816,444,372,1,33,0.8106967,8.25,9.153846,7.181818,True,False
12650,1264.838,1715,81,0,1094,601,493,1,35,0.8502972,8.987655,8.673913,9.4,True,False
12700,1269.837,1887,98,0,1431,799,632,2,41,0.7623057,9.367347,9.491228,9.195122,True,False
12750,1274.836,2069,102,0,1407,724,683,1,48,0.7023405,9.666667,10.09259,9.1875,True,False
12800,1279.835,2257,108,0,1667,839,828,2,55,0.7207114,10.2963,10.39623,10.2,True,False
12850,1284.833,2403,121,0,1960,944,1016,2,65,0.6675954,11.85124,12.76786,11.06154,True,False
12900,1289.832,2595,125,0,2203,911,1292,2,73,0.6672997,10.624,11.07692,10.30137,True,False
12950,1294.831,2750,142,0,2762,1139,1623,2,84,0.795509,10.67606,11.44828,10.14286,True,False
13000,1299.83,2906,159,0,2696,1004,1692,0,99,0.8309323,13.04403,13.96667,12.48485,True,False
13050,1304.828,3074,170,0,3474,1592,1882,0,93,0.8110831,11.28235,10.93507,11.56989,True,False
13100,1309.827,3225,195,0,3865,1877,1988,1,104,0.7675292,12.15897,12.42857,11.92308,True,False
13150,1314.826,3409,216,0,5228,2154,3074,4,132,0.7177625,11.39352,11.04762,11.61364,True,False
13200,1319.825,3539,228,0,5767,2080,3687,1,142,0.7277773,9.903509,10.55814,9.507042,True,False
13250,1324.824,3674,265,0,6461,2533,3928,2,163,0.7368833,9.218868,9.137255,9.269938,True,False
13300,1329.822,3741,323,0,8373,3201,5172,5,199,0.7672255,10.48607,9.846774,10.88442,True,False
13350,1334.821,3763,379,0,10580,4186,6394,9,231,0.7633958,13.38786,13.45946,13.34199,True,False
13400,1339.82,3742,439,0,11701,4101,7600,7,284,0.7562047,13.73121,13.99355,13.58803,True,False
13450,1344.819,3729,479,0,11849,4743,7106,5,282,0.8240517,15.31524,15.3198,15.31206,True,False
13500,1349.818,3663,533,0,13504,5373,8131,11,317,0.8076556,13.70919,13.37037,13.94006,True,False
13550,1354.816,3528,602,0,15205,6112,9093,11,365,0.7728081,13.26412,12.81013,13.5589,True,False
13600,1359.815,3361,669,0,15371,6187,9184,12,399,0.7598796,19.08072,19.32222,18.91729,True,False
13650,1364.814,3157,750,0,15968,6685,9283,8,436,0.8172326,15.97067,16.09236,15.88303,True,False
13700,1369.813,2930,796,0,16612,7046,9566,11,451,0.8096462,15.6809,15.10145,16.12417,True,False
13750,1374.811,2661,889,0,16791,7520,9271,17,491,0.8242576,17.06862,16.94472,17.16904,True,False
13800,1379.81,2351,963,0,16195,7440,8755,9,523,0.856337,16.7217,17.21136,16.30975,True,False
13850,1384.809,2001,1036,0,14446,7602,6844,17,494,0.8456808,18.01448,17.78229,18.26923,True,False
13900,1389.808,1657,1078,0,12803,6823,5980,11,505,0.8505386,16.22913,16.03839,16.44555,True,False
13950,1394.807,1371,1079,0,9685,5818,3867,7,439,0.8730645,17.31881,17.74531,16.69704,True,False
14000,1399.805,1126,1079,0,7933,5142,2791,5,385,0.8854071,18.98332,19.12824,18.72208,True,False
14050,1404.804,931,1081,0,6652,4576,2076,3,334,0.8988231,17.36078,17.66399,16.68263,True,False
14100,1409.803,733,1089,0,5195,3718,1477,4,306,0.8935465,18.43067,18.47126,18.3268,True,False
14150,1414.802,561,1045,0,3928,2965,963,3,255,0.8843598,16.38086,16.48734,16.05098,True,False
14200,1419.8,429,1017,0,3142,2551,591,4,199,0.9147321,17.86922,17.78362,18.22111,True,False
14250,1424.799,331,948,0,1887,1533,354,4,153,0.9369229,18.13924,18.25283,17.54902,True,False
14300,1429.798,277,890,0,1416,1207,209,2,114,0.9372386,19.04607,19.27448,17.49123,True,False
14350,1434.797,249,817,0,1144,1014,130,1,81,0.9483777,19.71236,19.81114,18.81482,True,False
14400,1439.796,207,759,0,1112,1007,105,0,71,0.9350151,20.30962,20.29215,20.47887,True,False
14450,1444.794,180,689,0,764,696,68,1,57,0.9360954,18.95065,18.89874,19.52632,True,False
14500,1449.793,150,639,0,589,543,46,0,52,0.9209629,18.09859,18.2879,15.96154,True,False
14550,1454.792,136,583,0,582,550,32,1,31,0.9138615,15.43053,15.41304,15.74194,True,False
14600,1459.791,125,519,0,460,440,20,1,26,0.9209735,18.01927,18.01014,18.19231,True,False
14650,1464.789,112,487,0,406,396,10,2,23,0.9502575,17.10062,17.01724,18.78261,True,False
14700,1469.788,105,469,0,227,217,10,1,16,0.9289395,17.30064,17.36865,15.375,True,False
14750,1474.787,108,430,0,337,323,14,0,16,0.9429016,16.94419,16.9372,17.125,True,False
14800,1479.786,107,399,0,190,182,8,0,15,0.9399831,17.31328,17.26823,18.46667,True,False
14850,1484.785,103,359,0,200,196,4,1,10,0.9412895,15.86629,15.91691,14.1,True,False
14900,1489.783,98,333,0,151,146,5,1,17,0.9254088,15.59159,15.52848,16.76471,True,False
14950,1494.782,99,299,0,229,222,7,0,8,0.9587342,17.22408,17.3299,13.375,True,False
15000,1499.781,107,283,0,137,128,9,0,15,0.9573942,15.83039,15.77985,16.73333,True,False
15050,1504.78,118,261,0,147,138,9,0,17,0.9424191,15.56322,15.57787,15.35294,True,False
15100,1509.778,126,242,0,220,208,12,0,17,0.9501258,14.2562,14.21778,14.76471,True,False
15150,1514.777,134,225,0,119,113,6,2,13,0.9452534,14.90667,14.94811,14.23077,True,False
15200,1519.776,142,207,0,227,216,11,1,9,0.9584363,15.75845,15.84848,13.77778,True,False
15250,1524.775,143,194,0,176,162,14,0,12,0.9381836,15.06186,15.3022,11.41667,True,False
15300,1529.774,139,178,0,146,137,9,0,12,0.9455253,14.32584,14.45181,12.58333,True,False
15350,1534.772,139,163,0,142,123,19,0,16,0.9463684,14.26994,14.08844,15.9375,True,False
15400,1539.771,145,151,0,132,128,4,0,7,0.9476816,12.95364,12.99306,12.14286,True,False
15450,1544.77,149,142,0,79,72,7,1,11,0.9462526,12.42253,12.32061,13.63636,True,False
15500,1549.769,163,136,0,100,91,9,0,11,0.9407995,12.19118,12.144,12.72727,True,False
15550,1554.767,188,130,0,216,203,13,0,11,0.9111894,11.55385,11.7479,9.454545,True,False
15600,1559.766,204,116,0,152,127,25,0,15,0.9099881,11.77586,12,10.26667,True,False
15650,1564.765,227,108,0,94,78,16,0,15,0.8931679,12.62963,12.84946,11.26667,True,False
15700,1569.764,250,100,0,196,188,8,0,6,0.9019088,10.02,10.2234,6.833333,True,False
15750,1574.763,277,88,0,101,87,14,0,12,0.8834102,9.113636,9.25,8.25,True,False
15800,1579.761,310,83,0,171,144,27,0,10,0.8928183,8.987952,9,8.9,True,False
15850,1584.76,346,84,0,170,137,33,0,14,0.8897098,8.619047,8.7,8.214286,True,False
15900,1589.759,379,78,0,223,180,43,1,14,0.9301797,8.166667,8.15625,8.214286,True,False
15950,1594.758,439,75,0,222,181,41,0,12,0.9147785,9.253333,9.333333,8.833333,True,False
16000,1599.756,484,76,0,268,192,76,0,20,0.8947601,9.052631,8.892858,9.5,True,False
16050,1604.755,547,69,0,257,195,62,0,15,0.9283193,8.057971,8.185185,7.6,True,False
16100,1609.754,612,63,0,291,232,59,0,14,0.8922662,7.746032,8,6.857143,True,False
16150,1614.753,693,67,0,344,268,76,0,14,0.8976865,7.402985,7.35849,7.571429,True,False
16200,1619.752,779,70,0,427,322,105,0,18,0.8367935,7.285714,7.25,7.388889,True,False
16250,1624.75,834,76,0,413,200,213,2,35,0.7538263,7.289474,7.365854,7.2,True,False
16300,1629.749,931,81,0,589,356,233,0,32,0.7487479,7.209877,7.591837,6.625,True,False
16350,1634.748,1038,76,0,570,320,250,0,33,0.8133827,8.421053,8.418605,8.424242,True,False
16400,1639.747,1156,82,0,597,320,277,0,41,0.7787101,7.658536,7.536585,7.780488,True,False
16450,1644.745,1280,86,0,773,479,294,3,29,0.6750577,8.151163,7.807017,8.827586,True,False
16500,1649.744,1396,98,0,955,639,316,1,32,0.6325734,7.612245,7.393939,8.0625,True,False
16550,1654.743,1532,103,0,1091,669,422,1,40,0.5621314,7.514563,7.301587,7.85,True,False
16600,1659.742,1698,110,0,1285,786,499,2,43,0.5800391,10.06364,10.10448,10,True,False
16650,1664.741,1864,112,0,1569,828,741,0,51,0.6593323,8.375,8.213115,8.568627,True,False
16700,1669.739,2016,123,0,1679,931,748,0,55,0.6779165,10.86179,11.57353,9.981818,True,False
16750,1674.738,2154,131,0,1707,860,847,2,68,0.6307473,10.67176,10.68254,10.66177,True,False
16800,1679.737,2353,141,0,2133,1080,1053,1,70,0.6400285,13.87234,15.61972,12.1,True,False
16850,1684.736,2525,156,0,2681,1183,1498,2,84,0.5683181,8.384615,8.097222,8.630953,True,False
16900,1689.734,2683,182,0,3312,1678,1634,2,92,0.6565306,13.20879,14.02222,12.41304,True,False
16950,1694.733,2852,199,0,3784,1554,2230,1,117,0.6589937,9.974874,9.414634,10.36752,True,False
17000,1699.732,3034,220,0,4420,1949,2471,2,127,0.6909363,9.959091,9.83871,10.04724,True,False
17050,1704.731,3180,236,0,5100,2280,2820,1,134,0.7569167,9.822034,10.14706,9.574627,True,False
17100,1709.73,3281,267,0,6101,2579,3522,3,155,0.6737698,11.20225,11.67857,10.85806,True,False
17150,1714.728,3391,299,0,6557,2889,3668,5,161,0.7733976,11.58194,11.84058,11.36025,True,False
17200,1719.727,3448,343,0,8493,3173,5320,8,207,0.7881051,12.02624,11.08088,12.64734,True,False
17250,1724.726,3431,392,0,9055,3686,5369,4,232,0.8407316,11.78061,11.55625,11.93534,True,False
17300,1729.725,3435,455,0,11330,4358,6972,3,280,0.8295709,12.39341,12.21143,12.50714,True,False
17350,1734.724,3400,517,0,12289,4762,7527,6,322,0.732308,14.20503,14.2359,14.18634,True,False
17400,1739.722,3302,578,0,13227,5176,8051,5,345,0.7771605,13.64187,14.22318,13.24928,True,False
17450,1744.721,3208,653,0,14007,5605,8402,11,386,0.8197362,16.25268,15.76779,16.58808,True,False
17500,1749.72,3026,688,0,14611,5778,8833,11,417,0.8397615,14.375,14.42804,14.34053,True,False
17550,1754.719,2838,768,0,15360,6455,8905,9,454,0.8328041,15.55078,15.29618,15.72687,True,False
17600,1759.717,2595,832,0,15024,6348,8676,6,478,0.8331966,14.9399,15.58192,14.46444,True,False
17650,1764.716,2305,922,0,15285,7188,8097,9,489,0.7928942,17.7885,17.42263,18.11247,True,False
17700,1769.715,2055,980,0,13998,7161,6837,9,480,0.8208651,15.32551,15.514,15.12917,True,False
17750,1774.714,1708,1078,0,12920,6805,6115,9,508,0.8313777,17.70687,18.30877,17.0315,True,False
17800,1779.713,1384,1098,0,10354,5829,4525,15,481,0.8669271,16.25774,16.4295,16.03742,True,False
17850,1784.711,1144,1117,0,8859,5366,3493,10,414,0.8761946,19.05013,19.32432,18.58454,True,False
17900,1789.71,924,1086,0,6312,4237,2075,3,356,0.8903356,17.4954,17.72192,17.0309,True,False
17950,1794.709,770,1027,0,4179,3051,1128,1,266,0.9226555,18.53359,19.00788,17.17669,True,False
18000,1799.708,643,977,0,3996,2931,1065,7,240,0.923871,17.74104,17.83718,17.44583,True,False
18050,1804.706,520,947,0,2949,2222,727,3,218,0.9276171,18.0095,18.20439,17.3578,True,False
18100,1809.705,427,900,0,2402,1884,518,4,180,0.9111718,18.28889,18.60417,17.02778,True,False
18150,1814.704,353,843,0,1597,1336,261,1,130,0.9273205,19.22183,19.51893,17.59231,True,False
18200,1819.703,298,788,0,1357,1186,171,2,91,0.9435837,18.24239,18.38164,17.17583,True,False
18250,1824.702,246,733,0,1203,1046,157,1,90,0.9244619,18.34379,18.20062,19.36667,True,False
18300,1829.7,207,700,0,672,597,75,0,67,0.916722,19.38571,19.13902,21.71642,True,False
18350,1834.699,194,645,0,656,601,55,1,52,0.9213098,16.0186,15.94604,16.84615,True,False
18400,1839.698,186,588,0,489,456,33,1,41,0.9249141,17.60204,17.68921,16.43902,True,False
18450,1844.697,182,546,0,458,437,21,0,30,0.9421264,18.54212,18.63178,17,True,False
18500,1849.695,172,501,0,515,467,48,2,35,0.9501003,19.06188,19.21888,16.97143,True,False
18550,1854.694,160,477,0,483,449,34,0,34,0.9428548,19.02306,19.12641,17.67647,True,False
18600,1859.693,148,443,0,272,258,14,0,22,0.9588369,17.07449,17.05938,17.36364,True,False
18650,1864.692,157,406,0,362,341,21,1,18,0.9575602,18.57882,18.60825,17.94444,True,False
18700,1869.691,165,385,0,367,344,23,0,23,0.9353292,19.4961,19.55525,18.56522,True,False
18750,1874.689,166,348,0,271,248,23,2,23,0.9229187,17.1954,17.2,17.13043,True,False
18800,1879.688,170,327,0,226,211,15,1,22,0.9329332,16.51682,16.56393,15.86364,True,False
18850,1884.687,171,297,0,318,284,34,1,25,0.9063653,15.28956,15.25,15.72,True,False
18900,1889.686,161,280,0,306,282,24,0,24,0.8578519,15.04286,14.92969,16.25,True,False
18950,1894.684,176,253,0,104,100,4,1,13,0.8934278,15.5336,15.67083,13,True,False
19000,1899.683,188,231,0,187,176,11,1,15,0.9157768,14.37229,14.23611,16.33333,True,False
19050,1904.682,204,203,0,315,302,13,0,12,0.9140764,13.66502,13.64921,13.91667,True,False
19100,1909.681,223,187,0,233,220,13,0,11,0.8809801,13.42246,13.59659,10.63636,True,False
19150,1914.68,244,171,0,204,179,25,0,18,0.8877744,13.23977,13.2549,13.11111,True,False
19200,1919.678,255,164,0,131,113,18,0,19,0.9120423,13.87805,14.23448,11.1579,True,False
19250,1924.677,291,154,0,242,212,30,0,15,0.8947797,16.22078,16.20863,16.33333,True,False
19300,1929.676,310,146,0,234,211,23,0,18,0.9115648,15.43836,15.65625,13.88889,True,False
19350,1934.675,345,138,0,322,281,41,0,15,0.9279756,14.10145,14.11382,14,True,False
19400,1939.673,373,132,0,301,251,50,0,18,0.9151734,13.95455,13.67544,15.72222,True,False
19450,1944.672,415,120,0,185,161,24,0,15,0.9006293,12.81667,12.74286,13.33333,True,False
19500,1949.671,448,109,0,157,126,31,0,19,0.8260214,12.01835,12.06667,11.78947,True,False
19550,1954.67,499,108,0,292,246,46,2,19,0.7750762,10.73148,10.38202,12.36842,True,False
19600,1959.669,544,105,0,370,274,96,1,28,0.7536809,10.57143,10.2987,11.32143,True,False
19650,1964.667,610,102,0,409,311,98,0,22,0.6840524,11.78431,11.8125,11.68182,True,False
19700,1969.666,690,98,0,405,312,93,0,19,0.7068744,12.79592,13.21519,11.05263,True,False
19750,1974.665,772,97,0,474,323,151,0,29,0.7050092,11.81443,12.35294,10.55172,True,False
19800,1979.664,865,96,0,572,463,109,0,20,0.7369928,10.6875,10.94737,9.7,True,False
19850,1984.662,945,98,0,671,491,180,0,26,0.7877318,10.95918,11.16667,10.38461,True,False
19900,1989.661,1063,102,0,736,558,178,0,27,0.7531056,10.43137,10.38667,10.55556,True,False
19950,1994.66,1204,98,0,806,555,251,1,31,0.6862738,10.73469,10.86567,10.45161,True,False
20000,1999.659,1313,101,0,825,471,354,1,46,0.6547402,11.29703,11.69091,10.82609,True,False
20050,2004.658,1443,103,0,940,569,371,0,43,0.6631936,11.25243,11.1,11.46512,True,False
20100,2009.656,1574,108,0,1285,692,593,3,46,0.823072,11.2037,10.75806,11.80435,True,False
20150,2014.655,1697,121,0,1383,784,599,2,52,0.7894878,10.06612,10.01449,10.13461,True,False
20200,2019.654,1810,122,0,1569,843,726,1,57,0.7304383,10.70492,10.27692,11.19298,True,False
20250,2024.653,1940,119,0,1558,748,810,4,59,0.7848611,10.08403,9.716666,10.45763,True,False
20300,2029.651,2108,119,0,1585,851,734,2,55,0.7725165,10.10084,9.453125,10.85455,True,False
20350,2034.65,2277,128,0,2110,1001,1109,0,69,0.7618592,10.70313,10.37288,10.98551,True,False
20400,2039.649,2409,142,0,2462,1117,1345,0,74,0.743636,9.422535,9.588235,9.27027,True,False
20450,2044.648,2559,163,0,3298,1468,1830,1,91,0.6249744,9.90184,10.65278,9.307693,True,False
20500,2049.649,2718,171,0,3274,1390,1884,2,96,0.7130644,11.15205,11.37333,10.97917,True,False
20550,2054.654,2871,195,0,3697,1465,2232,3,117,0.6997549,11.86154,11.5,12.10256,True,False
20600,2059.658,3034,221,0,4342,2025,2317,5,122,0.7676341,11.76471,10.66667,12.65574,True,False
20650,2064.663,3158,242,0,5189,2171,3018,6,142,0.7469172,11.69008,12.04,11.44366,True,False
20700,2069.668,3274,275,0,6319,2630,3689,4,157,0.7446285,11.65455,11.22034,11.98089,True,False
20750,2074.673,3384,322,0,7260,3111,4149,3,182,0.7994212,11.13354,11.27857,11.02198,True,False
20800,2079.678,3457,361,0,8796,3134,5662,3,234,0.8003182,11.66205,11.12598,11.95299,True,False
20850,2084.683,3454,399,0,9979,4109,5870,4,239,0.7860838,10.9599,10.80625,11.06276,True,False
20900,2089.688,3431,453,0,10697,3987,6710,1,288,0.7796904,14.09492,14.33333,13.95833,True,False
20950,2094.693,3377,513,0,11881,4688,7193,8,311,0.7871923,14.21248,13.04455,14.97106,True,False
21000,2099.698,3328,553,0,12399,4743,7656,9,339,0.76125,14.1736,14.52336,13.9528,True,False
21050,2104.702,3206,635,0,14999,6030,8969,18,375,0.7813096,13.60472,13.85,13.43467,True,False
21100,2109.707,3080,678,0,15642,6222,9420,7,407,0.7992034,16.33776,15.9631,16.58722,True,False
21150,2114.712,2851,766,0,15660,6207,9453,15,459,0.8206518,13.90209,14,13.8366,True,False
21200,2119.717,2587,841,0,15259,6387,8872,11,497,0.8066133,16.88466,16.66279,17.03823,True,False
21250,2124.722,2312,903,0,13989,6479,7510,10,474,0.8336897,19.48284,19.39394,19.56329,True,False
21300,2129.727,2068,934,0,12272,6185,6087,13,454,0.8522305,16.10921,16.275,15.93392,True,False
21350,2134.732,1836,968,0,12353,6730,5623,9,445,0.8750896,17.57851,17.94838,17.14382,True,False
21400,2139.737,1559,1021,0,10618,5985,4633,5,447,0.8731968,16.46033,16.60976,16.26846,True,False
21450,2144.741,1278,1038,0,8507,5336,3171,9,373,0.8801777,17.24855,17.63308,16.563,True,False
21500,2149.746,1062,1058,0,6829,4468,2361,4,353,0.901736,17.638,17.89362,17.12748,True,False
21550,2154.751,869,1046,0,6109,4257,1852,4,316,0.9070455,17.23805,17.52055,16.58544,True,False
21600,2159.756,672,1037,0,4558,3103,1455,4,315,0.9153268,16.99422,17.241,16.42857,True,False
21650,2164.761,506,1004,0,3245,2370,875,5,270,0.924949,17.56275,17.52044,17.67778,True,False
21700,2169.766,406,958,0,2227,1744,483,2,192,0.9298875,17.37578,17.43342,17.14583,True,False
21750,2174.771,311,919,0,1944,1655,289,4,149,0.9355378,18.70403,18.65844,18.9396,True,False
21800,2179.776,261,860,0,1283,1085,198,2,110,0.9297536,17.4093,17.616,16,True,False
21850,2184.781,193,799,0,801,711,90,2,87,0.9255373,17.57071,17.63062,17.08046,True,False
21900,2189.785,161,747,0,750,676,74,1,67,0.9294677,17.84471,18.08382,15.41791,True,False
21950,2194.79,149,682,0,632,574,58,0,50,0.9313214,18.59531,18.73101,16.88,True,False
22000,2199.795,127,632,0,655,620,35,0,38,0.941496,19.03481,19.1229,17.65789,True,False
22050,2204.8,117,579,0,498,467,31,0,31,0.9597954,17.86529,17.93248,16.67742,True,False
22100,2209.805,107,531,0,441,409,32,1,29,0.9446769,17.5951,17.6753,16.2069,True,False
22150,2214.81,99,495,0,391,361,30,0,32,0.9534596,17.21212,17.29158,16.0625,True,False
22200,2219.815,90,452,0,255,242,13,0,25,0.9526875,18.16814,18.13115,18.8,True,False
22250,2224.82,89,402,0,178,174,4,0,16,0.9353259,15.72637,15.61917,18.3125,True,False
22300,2229.824,86,370,0,272,264,8,0,11,0.9278855,15.8973,15.93593,14.63636,True,False
22350,2234.829,84,335,0,168,164,4,1,13,0.9347944,15.29552,15.29814,15.23077,True,False
22400,2239.834,82,303,0,201,195,6,0,12,0.933528,15.91419,15.96564,14.66667,True,False
22450,2244.839,89,276,0,92,88,4,0,9,0.9277394,14.27536,14.28464,14,True,False
22500,2249.844,89,253,0,96,92,4,0,11,0.9475458,13.8419,14.0124,10.09091,True,False
22550,2254.849,99,233,0,221,210,11,0,10,0.9423282,13.07296,13.0852,12.8,True,False
22600,2259.854,99,212,0,194,187,7,0,7,0.9211844,14.35849,14.27805,16.71428,True,False
22650,2264.859,102,193,0,208,197,11,0,11,0.9409685,14.31088,14.25275,15.27273,True,False
22700,2269.864,110,181,0,167,153,14,0,9,0.9432938,13.56906,13.52907,14.33333,True,False
22750,2274.868,125,171,0,180,168,12,0,8,0.9366107,13.88889,14.23926,6.75,True,False
22800,2279.873,131,164,0,171,165,6,0,9,0.9353782,14.18902,14.26452,12.88889,True,False
22850,2284.878,136,147,0,77,72,5,1,10,0.9229685,13.40136,13.40146,13.4,True,False
22900,2289.883,150,133,0,64,56,8,0,9,0.914098,14.19549,14.12097,15.22222,True,False
22950,2294.888,158,130,0,138,133,5,0,6,0.9294755,16.50769,16.43548,18,True,False
23000,2299.893,186,125,0,168,163,5,0,4,0.9146455,15.2,15.36364,10.25,True,False
23050,2304.898,213,113,0,150,143,7,1,7,0.9153946,14.0177,13.83962,16.71428,True,False
23100,2309.903,224,103,0,136,129,7,0,6,0.8979537,12.7767,12.85567,11.5,True,False
23150,2314.907,255,89,0,133,126,7,0,6,0.8881849,12.74157,12.6747,13.66667,True,False
23200,2319.912,290,85,0,144,139,5,0,3,0.9186257,10.35294,10.34146,10.66667,True,False
23250,2324.917,326,84,0,202,180,22,1,10,0.8833488,10.4881,10.7027,8.9,True,False
23300,2329.922,361,74,0,185,162,23,0,8,0.898445,10,10.06061,9.5,True,False
23350,2334.927,388,73,0,177,140,37,0,16,0.8147384,8.849315,8.754386,9.1875,True,False
23400,2339.932,454,65,0,222,179,43,0,12,0.8781638,8.092308,8,8.5,True,False
23450,2344.937,506,62,0,243,212,31,0,10,0.9277551,6.451613,6.634615,5.5,True,False
23500,2349.942,580,63,0,286,236,50,1,12,0.9371102,7.634921,7.490196,8.25,True,False
23550,2354.947,656,64,0,413,316,97,1,15,0.8965489,7.375,7,8.6,True,False
23600,2359.951,711,66,0,253,191,62,0,16,0.8380998,6.787879,6.86,6.5625,True,False
23650,2364.956,798,65,0,305,218,87,0,17,0.7810466,6.338461,6.354167,6.294117,True,False
23700,2369.961,882,62,0,335,242,93,2,15,0.7743911,7.258065,7.148936,7.6,True,False
23750,2374.966,995,67,0,428,286,142,1,21,0.7245396,8.223881,7.869565,9,True,False
23800,2379.971,1098,70,0,626,386,240,0,27,0.7149323,8.2,7.837209,8.777778,True,False
23850,2384.976,1206,74,0,741,483,258,0,27,0.5836838,7.837838,8.106383,7.37037,True,False
23900,2389.981,1318,80,0,874,455,419,0,36,0.6257896,7.2125,7.272727,7.138889,True,False
23950,2394.986,1444,82,0,911,557,354,1,33,0.7152979,8,8.204082,7.69697,True,False
24000,2399.99,1577,91,0,1081,615,466,2,35,0.8147571,8.659341,8.982142,8.142858,True,False
24050,2404.995,1739,93,0,1170,657,513,1,39,0.7841517,9.139785,9.092592,9.205129,True,False
24100,2410,1903,96,0,1359,615,744,1,53,0.8584821,9.208333,9.72093,8.792453,True,False
24150,2415.005,2079,103,0,1519,719,800,1,53,0.7771735,9.048544,8.96,9.132075,True,False
24200,2420.01,2250,108,0,1743,1012,731,2,47,0.8377838,7.712963,7.377049,8.148936,True,False
24250,2425.015,2431,120,0,1985,969,1016,2,63,0.8289534,8.716666,7.701755,9.634921,True,False
24300,2430.02,2621,129,0,2366,1285,1081,0,61,0.7820465,7.565891,7.367647,7.786885,True,False
24350,2435.025,2796,151,0,2977,1272,1705,3,88,0.8433143,8.980132,9.031746,8.943182,True,False
24400,2440.03,2939,172,0,3658,1680,1978,3,93,0.8425757,9.83721,9.835443,9.83871,True,False
24450,2445.034,3113,196,0,4449,2047,2402,5,106,0.7849479,9.27551,8.855556,9.632075,True,False
24500,2450.039,3255,235,0,5458,2001,3457,3,143,0.8111989,10.77021,10.66304,10.83916,True,False
24550,2455.044,3379,257,0,6276,2328,3948,7,163,0.7832186,9.879377,10.17021,9.711657,True,False
24600,2460.049,3483,299,0,7678,3367,4311,3,173,0.8049992,10.88629,10.44444,11.20809,True,False
24650,2465.054,3534,331,0,8652,3771,4881,2,193,0.8205099,11.76133,11.98551,11.60104,True,False
24700,2470.059,3544,396,0,9736,3862,5874,5,236,0.7578487,13.91414,13.31875,14.3178,True,False
24750,2475.064,3501,472,0,11421,4612,6809,6,281,0.7144511,16.02331,16.35079,15.80071,True,False
24800,2480.069,3449,538,0,12703,5061,7642,13,319,0.7220436,13.98699,13.40639,14.38558,True,False
24850,2485.073,3293,624,0,15432,6593,8839,8,362,0.746169,13.08494,12.37023,13.60221,True,False
24900,2490.078,3139,670,0,14753,5993,8760,6,404,0.7993536,15.58806,15.73308,15.49257,True,False
24950,2495.083,2941,760,0,15318,6564,8754,3,442,0.8477446,16.08026,16.58491,15.71719,True,False
25000,2500.088,2707,828,0,16048,7088,8960,8,464,0.8288041,15.44928,15.85165,15.13362,True,False
25050,2505.093,2450,891,0,15094,6688,8406,14,497,0.875708,15.45567,16.08629,14.95573,True,False
25100,2510.098,2151,966,0,14656,6813,7843,7,516,0.865497,16.14079,16.16667,16.11822,True,False
25150,2515.103,1849,1015,0,13529,6993,6536,15,481,0.8422995,17.7133,17.58614,17.85447,True,False
25200,2520.108,1598,1054,0,12031,7096,4935,11,427,0.8656579,18.1518,18.03987,18.31616,True,False
25250,2525.113,1330,1096,0,9958,5997,3961,7,433,0.8678036,17.5146,17.57164,17.42725,True,False
25300,2530.117,1071,1108,0,7688,4797,2891,6,407,0.8677744,17.00632,17.17974,16.70762,True,False
25350,2535.122,892,1100,0,6107,4271,1836,3,307,0.877712,19.17636,19.38083,18.64821,True,False
25400,2540.127,715,1077,0,5042,3630,1412,4,289,0.8836854,18.08821,18.37564,17.3045,True,False
25450,2545.132,582,1034,0,3521,2709,812,7,233,0.8970617,19.31045,19.54682,18.49785,True,False
25500,2550.137,499,992,0,2577,2022,555,5,194,0.9130217,19.58165,19.82957,18.56186,True,False
25550,2555.142,412,945,0,2424,2032,392,4,139,0.9019161,17.84021,17.81762,17.97122,True,False
25600,2560.147,330,892,0,1869,1631,238,1,120,0.9207509,18.5796,18.62047,18.31667,True,False
25650,2565.152,273,830,0,1153,978,175,2,103,0.9347948,18.70362,18.78679,18.1165,True,False
25700,2570.156,222,776,0,995,899,96,2,71,0.9468786,19.08634,19.09645,18.98592,True,False
25750,2575.161,200,714,0,757,703,54,0,52,0.9392055,17.58964,17.72054,15.92308,True,False
25800,2580.166,177,660,0,662,616,46,1,50,0.9571563,16.80758,16.88688,15.84,True,False
25850,2585.171,150,603,0,518,475,43,0,46,0.9615026,17.5456,17.67505,15.97826,True,False
25900,2590.176,142,544,0,474,433,41,0,40,0.9689143,17.02574,17.04564,16.775,True,False
25950,2595.181,125,488,0,384,357,27,0,27,0.9480343,15.93443,15.9154,16.25926,True,False
26000,2600.186,120,455,0,306,290,16,1,23,0.9580443,17.13626,17.08796,18.04348,True,False
26050,2605.191,120,424,0,254,244,10,0,22,0.9635175,16.7217,16.81592,15,True,False
26100,2610.196,126,383,0,248,237,11,0,20,0.9608257,17.75979,17.85124,16.1,True,False
26150,2615.2,117,354,0,143,137,6,0,22,0.9491768,15.20904,15.24699,14.63636,True,False
26200,2620.205,110,331,0,259,231,28,0,26,0.9460884,15.89124,15.92787,15.46154,True,False
26250,2625.21,117,299,0,185,178,7,0,17,0.9397367,14.34783,14.36525,14.05882,True,False
26300,2630.215,138,273,0,227,220,7,0,7,0.9574563,13.74359,13.78195,12.28571,True,False
26350,2635.22,153,248,0,258,246,12,0,11,0.9594361,13.27419,13.19409,15,True,False
26400,2640.225,145,227,0,245,224,21,0,15,0.9483847,12.99559,12.87264,14.73333,True,False
26450,2645.23,149,212,0,240,233,7,1,13,0.9529128,12.3066,12.1206,15.15385,True,False
26500,2650.235,159,202,0,204,191,13,0,14,0.9431062,12.33663,12.28723,13,True,False
26550,2655.24,166,179,0,140,134,6,0,10,0.9461372,11.31844,11.31361,11.4,True,False
26600,2660.244,186,165,0,227,209,18,1,14,0.9489232,11.04242,10.96027,11.92857,True,False
26650,2665.249,199,149,0,128,120,8,0,15,0.9433852,10.98658,10.88806,11.86667,True,False
26700,2670.254,208,140,0,207,191,16,0,11,0.902324,10.95714,11.03876,10,True,False
26750,2675.259,230,132,0,221,205,16,2,11,0.9253428,10.10606,10.03306,10.90909,True,False
26800,2680.264,243,124,0,193,163,30,0,15,0.8943022,10.30645,10.25688,10.66667,True,False
26850,2685.269,268,115,0,281,259,22,1,11,0.9200245,10.73043,10.65385,11.45455,True,False
26900,2690.274,287,112,0,165,145,20,0,13,0.8991779,11.66071,11.28283,14.53846,True,False
26950,2695.279,318,101,0,254,216,38,0,16,0.9307897,9.80198,9.647058,10.625,True,False
27000,2700.283,346,98,0,251,215,36,0,15,0.9226025,9.755102,9.86747,9.133333,True,False
27050,2705.288,403,95,0,251,215,36,1,15,0.9129107,9.768421,9.825,9.466666,True,False
27100,2710.293,445,89,0,327,269,58,0,16,0.8983719,8.41573,8.410959,8.4375,True,False
27150,2715.298,494,86,0,283,222,61,0,17,0.8540084,7.651163,7.710145,7.411765,True,False
27200,2720.303,548,80,0,247,187,60,0,19,0.837767,6.9,6.885246,6.947369,True,False
27250,2725.308,591,80,0,425,315,110,1,21,0.8064854,6.5125,6.898305,5.428571,True,False
27300,2730.313,671,78,0,311,228,83,0,19,0.8106225,6.435897,6.661017,5.736842,True,False
27350,2735.318,745,72,0,446,352,94,1,14,0.7655042,5.722222,5.931035,4.857143,True,False
27400,2740.323,824,77,0,509,374,135,0,21,0.8075393,6.857143,7.178571,6,True,False
27450,2745.327,919,74,0,437,294,143,0,23,0.8617305,6.513514,6.156863,7.304348,True,False
27500,2750.332,1009,80,0,636,443,193,0,24,0.9065524,7.75,7.339286,8.708333,True,False
27550,2755.337,1120,86,0,587,453,134,1,19,0.8409863,8,7.38806,10.1579,True,False
27600,2760.342,1231,89,0,838,623,215,1,25,0.8294217,8.247191,7.90625,9.12,True,False
27650,2765.347,1356,97,0,986,674,312,0,30,0.8187301,8.309278,8.761194,7.3,True,False
27700,2770.352,1481,101,0,881,561,320,0,36,0.8064764,10.55446,10.64615,10.38889,True,False
27750,2775.357,1618,103,0,1108,680,428,1,39,0.7290578,10.66019,10.71875,10.5641,True,False
27800,2780.362,1789,113,0,1450,798,652,1,50,0.70454,10.69027,9.619047,12.04,True,False
27850,2785.366,1924,123,0,1664,838,826,1,61,0.7633991,10.73171,11.77419,9.672132,True,False
27900,2790.371,2092,126,0,1834,942,892,1,60,0.7425144,9.507936,9.924242,9.05,True,False
27950,2795.376,2255,148,0,2390,1197,1193,3,75,0.8354283,11.4527,11.08219,11.81333,True,False
28000,2800.381,2405,167,0,2968,1637,1331,3,75,0.7821538,10.72455,10,11.61333,True,False
28050,2805.386,2533,183,0,3030,1489,1541,1,92,0.8012164,10.24044,9.164835,11.30435,True,False
28100,2810.391,2651,206,0,3927,1782,2145,4,115,0.7885709,10.85437,10,11.53043,True,False
28150,2815.396,2800,210,0,4178,1698,2480,5,120,0.8531023,11.9619,11.52222,12.29167,True,False
28200,2820.401,2938,242,0,5303,1903,3400,4,150,0.8212743,12.42562,11.67391,12.88667,True,False
28250,2825.406,3037,268,0,5466,2360,3106,4,149,0.7946253,11.75,12.42857,11.20805,True,False
28300,2830.41,3132,304,0,6791,3052,3739,6,163,0.7541206,10.98684,10.92199,11.04294,True,False
28350,2835.415,3197,324,0,7197,2962,4235,10,189,0.806338,11.28704,11.98519,10.78836,True,False
28400,2840.42,3256,358,0,8797,3648,5149,5,211,0.7947479,11.30447,11.32653,11.2891,True,False
28450,2845.425,3268,383,0,9077,3832,5245,7,224,0.8313041,11.03916,10.58491,11.36161,True,False
28500,2850.43,3253,422,0,9910,3780,6130,7,264,0.8025643,11.54265,11.31646,11.67803,True,False
28550,2855.435,3248,487,0,11474,4550,6924,11,292,0.747842,11.8501,11.44615,12.11986,True,False
28600,2860.44,3174,548,0,12168,5018,7150,10,327,0.7700092,13.4781,13.19457,13.66972,True,False
28650,2865.445,3043,614,0,12978,5034,7944,9,380,0.7849981,13.83388,12.86752,14.42895,True,False
28700,2870.449,2913,673,0,13948,5985,7963,9,390,0.8179756,16.12927,17.27562,15.29744,True,False
28750,2875.454,2753,749,0,13943,6200,7743,5,414,0.8242318,17.58344,18.26567,17.0314,True,False
28800,2880.459,2559,809,0,14561,6648,7913,14,437,0.7943096,15.82077,15.33065,16.23799,True,False
28850,2885.464,2347,851,0,14096,6549,7547,14,451,0.7614139,16.93067,16.2675,17.51885,True,False
28900,2890.469,2120,892,0,13185,6579,6606,11,447,0.7979691,18.74327,18.08539,19.39821,True,False
28950,2895.474,1893,890,0,10435,5400,5035,8,418,0.8421525,18.14719,18.34534,17.92344,True,False
29000,2900.479,1689,918,0,10632,6006,4626,6,403,0.8486655,14.90087,15.21942,14.4938,True,False
29050,2905.484,1454,957,0,9890,5781,4109,8,393,0.8390318,16.80878,16.9078,16.66667,True,False
29100,2910.489,1197,974,0,8529,5129,3400,12,382,0.8651352,15.45483,15.19257,15.86126,True,False
29150,2915.493,966,978,0,6353,4106,2247,7,341,0.8589997,17.47137,17.86342,16.739,True,False
29200,2920.498,798,959,0,4954,3407,1547,4,302,0.8988479,17.45151,17.52359,17.2947,True,False
29250,2925.503,646,923,0,3939,2912,1027,14,228,0.9117523,17.5688,17.52374,17.70614,True,False
29300,2930.508,545,876,0,3037,2260,777,3,218,0.9104187,17.97717,17.94225,18.08257,True,False
29350,2935.513,462,839,0,2442,1944,498,2,173,0.9306809,17.49583,17.44895,17.6763,True,False
29400,2940.518,409,788,0,2145,1808,337,4,123,0.9408194,17.86548,17.90075,17.6748,True,False
29450,2945.523,343,759,0,1483,1288,195,3,107,0.9406589,16.29644,16.21319,16.80374,True,False
29500,2950.528,311,698,0,1571,1369,202,1,89,0.9400977,15.65043,15.62069,15.85393,True,False
29550,2955.532,260,659,0,1210,1032,178,1,83,0.9157133,16.25645,16.32118,15.80723,True,False
29600,2960.537,229,620,0,1010,912,98,4,57,0.9181129,17.40968,17.27353,18.75439,True,False
29650,2965.542,208,580,0,743,666,77,1,60,0.9298063,15.10172,15.29038,13.46667,True,False
29700,2970.547,179,543,0,606,564,42,1,46,0.9366027,16.4733,16.55131,15.63043,True,False
29750,2975.552,165,499,0,519,474,45,0,46,0.9424589,16.40882,16.4989,15.52174,True,False
29800,2980.557,150,473,0,412,370,42,1,44,0.9391882,16.98309,17.00233,16.79545,True,False
29850,2985.562,148,438,0,393,368,25,0,31,0.9300388,17.78082,17.80098,17.51613,True,False
29900,2990.567,139,402,0,356,334,22,0,20,0.9303163,16.9204,16.98429,15.7,True,False
29950,2995.572,135,373,0,300,279,21,0,25,0.9300866,17.60858,17.61782,17.48,True,False
30000,3000.576,132,347,0,315,286,29,1,23,0.9299343,18.70317,18.46605,22.04348,True,False
30050,3005.581,136,323,0,272,250,22,1,22,0.9079207,15.7709,15.7608,15.90909,True,False
30100,3010.586,133,298,0,235,220,15,1,15,0.9051884,15.69799,15.69258,15.8,True,False
30150,3015.591,143,267,0,135,124,11,0,13,0.9089143,17.88764,18.12992,13.15385,True,False
30200,3020.596,152,245,0,188,185,3,0,6,0.9345472,14.2449,14.24268,14.33333,True,False
30250,3025.601,171,231,0,135,127,8,0,14,0.9395314,13.83983,13.83871,13.85714,True,False
30300,3030.606,184,223,0,268,249,19,1,20,0.9425059,13.52466,13.61084,12.65,True,False
30350,3035.611,184,211,0,353,309,44,1,22,0.9619332,12.80095,13.00529,11.04545,True,False
30400,3040.615,199,190,0,275,244,31,1,14,0.9637541,11.86842,11.98864,10.35714,True,False
30450,3045.62,207,177,0,165,142,23,0,18,0.9452006,11.71751,11.96226,9.555555,True,False
30500,3050.625,231,156,0,235,212,23,1,14,0.9489023,11.26923,11.58451,8.071428,True,False
30550,3055.63,255,145,0,308,270,38,0,11,0.9455272,13.45517,13.3806,14.36364,True,False
30600,3060.635,283,133,0,197,182,15,1,10,0.9512411,11.56391,11.55285,11.7,True,False
30650,3065.64,301,126,0,282,250,32,0,14,0.9381627,10.84127,10.8125,11.07143,True,False
30700,3070.645,332,116,0,302,263,39,0,15,0.9499704,9.568966,9.60396,9.333333,True,False
30750,3075.65,358,109,0,251,213,38,0,20,0.8879414,8.733945,9.191011,6.7,True,False
30800,3080.655,412,98,0,309,276,33,0,14,0.9142088,7.795918,7.595238,9,True,False
30850,3085.659,462,92,0,253,216,37,0,15,0.895053,8.347826,8.324676,8.466666,True,False
30900,3090.664,506,94,0,243,190,53,0,21,0.880203,8.489362,8.219178,9.428572,True,False
30950,3095.669,552,89,0,298,240,58,1,17,0.8811107,8.438202,8.763889,7.058824,True,False
31000,3100.674,598,87,0,313,257,56,1,15,0.8712384,7.816092,8.388889,5.066667,True,False
31050,3105.679,661,91,0,345,286,59,0,15,0.8505545,7.978022,8.052631,7.6,True,False
31100,3110.684,729,89,0,411,316,95,3,16,0.8196761,7.35955,6.712329,10.3125,True,False
31150,3115.689,806,89,0,483,391,92,0,18,0.7552178,8.11236,7.971831,8.666667,True,False
31200,3120.694,900,79,0,442,344,98,0,17,0.7944711,7.518987,7.709677,6.823529,True,False
31250,3125.698,1032,77,0,552,415,137,0,20,0.7607825,7.272727,7.578948,6.4,True,False
31300,3130.703,1129,75,0,593,362,231,0,29,0.7319567,7.306667,7.652174,6.758621,True,False
31350,3135.708,1250,82,0,794,454,340,0,36,0.6596479,7.378049,6.934783,7.944445,True,False
31400,3140.713,1377,80,0,756,428,328,1,32,0.6316078,7.9,8.354167,7.21875,True,False
31450,3145.718,1496,85,0,801,464,337,0,37,0.6019912,6.964706,6.979167,6.945946,True,False
31500,3150.723,1668,80,0,785,414,371,0,40,0.6439823,7.5,7.725,7.275,True,False
31550,3155.728,1840,81,0,1024,523,501,2,35,0.6216863,8.444445,8.869565,7.885714,True,False
31600,3160.733,2013,89,0,1130,645,485,2,43,0.6416225,7.617978,7.76087,7.465117,True,False
31650,3165.738,2206,94,0,1524,674,850,1,54,0.7503771,9.702127,9.375,9.944445,True,False
31700,3170.742,2395,101,0,1662,791,871,1,53,0.721157,8.277227,8.145833,8.396227,True,False
31750,3175.747,2570,112,0,1972,826,1146,3,63,0.7092502,8.196428,8.061225,8.301587,True,False
31800,3180.752,2777,115,0,2116,1108,1008,1,55,0.6568608,8.382608,7.816667,9,True,False
31850,3185.757,2946,122,0,2350,1152,1198,2,61,0.7389389,9.106558,8.868853,9.344262,True,False
31900,3190.762,3147,142,0,3136,1403,1733,1,78,0.7017112,10.38028,10.09375,10.61539,True,False
31950,3195.767,3343,152,0,3753,1624,2129,1,85,0.6581351,9.486842,10.1194,8.988235,True,False
32000,3200.772,3520,165,0,3958,1637,2321,0,98,0.5602173,8.993939,9.447762,8.683674,True,False
32050,3205.777,3697,177,0,4689,1748,2941,4,109,0.5966871,9.485876,8.867647,9.87156,True,False
32100,3210.781,3836,209,0,5457,1872,3585,3,138,0.6495391,10.69378,10.23944,10.92754,True,False
32150,3215.786,3996,238,0,6967,2507,4460,3,154,0.6663274,10.2479,9.976191,10.3961,True,False
32200,3220.791,4135,266,0,7926,3351,4575,2,155,0.7278348,11.01504,10.22523,11.58065,True,False
32250,3225.796,4178,308,0,9158,3575,5583,3,192,0.6647543,10.2013,10.23276,10.18229,True,False
32300,3230.801,4197,365,0,10554,3564,6990,5,241,0.7552198,12.62466,12.50806,12.68465,True,False
32350,3235.806,4219,408,0,12832,4936,7896,9,255,0.721631,11.92647,12.47712,11.59608,True,False
32400,3240.811,4148,465,0,13750,5052,8698,8,295,0.7836973,12.86452,13.75294,12.35254,True,False
32450,3245.816,4046,525,0,14988,5588,9400,7,326,0.8028978,11.64762,11.1608,11.94479,True,False
32500,3250.821,3862,624,0,17210,6261,10949,11,389,0.7925661,12.09455,11.80426,12.26992,True,False
32550,3255.825,3671,718,0,19159,7866,11293,9,428,0.760772,15.3454,14.48621,15.92757,True,False
32600,3260.83,3446,792,0,18615,7664,10951,3,471,0.7734197,15.72727,15.63551,15.78981,True,False
32650,3265.835,3170,876,0,18984,8135,10849,15,498,0.7827177,15.51598,15.63757,15.42369,True,False
32700,3270.84,2782,974,0,19234,8303,10931,17,556,0.7737805,16.74025,16.97847,16.56115,True,False
32750,3275.845,2456,1052,0,18312,8653,9659,12,556,0.8327035,17.62453,18.22379,17.08993,True,False
32800,3280.85,2078,1124,0,16419,8175,8244,10,562,0.859262,16.39947,15.9911,16.80783,True,False
32850,3285.855,1674,1201,0,14426,7857,6569,14,537,0.8721005,18.25062,18.1747,18.34451,True,False
32900,3290.86,1322,1252,0,11230,6652,4578,10,498,0.8626342,17.34984,17.14324,17.66265,True,False
32950,3295.865,1038,1235,0,8174,5492,2682,6,410,0.8942975,19.10283,19.37818,18.54878,True,False
33000,3300.869,791,1218,0,6221,4404,1817,7,327,0.9013788,19.26437,19.2009,19.43731,True,False
33050,3305.874,609,1190,0,4657,3480,1177,7,297,0.9124138,17.88319,17.99104,17.55892,True,False
33100,3310.879,435,1138,0,3080,2370,710,3,254,0.9151888,21.6283,21.86312,20.81102,True,False
33150,3315.884,333,1075,0,2501,2121,380,2,175,0.9193895,17.82884,17.86,17.66857,True,False
33200,3320.889,253,1000,0,1492,1243,249,2,153,0.9212679,19.998,20.08501,19.51634,True,False
33250,3325.894,197,947,0,1065,969,96,0,95,0.9269581,19.04752,19.19366,17.73684,True,False
33300,3330.899,152,871,0,726,676,50,2,60,0.9385826,17.94374,17.92232,18.23333,True,False
33350,3335.904,123,817,0,580,541,39,1,47,0.944038,17.84455,17.81688,18.29787,True,False
33400,3340.908,92,755,0,373,354,19,1,36,0.9308112,17.53378,17.60223,16.16667,True,False
33450,3345.913,87,683,0,334,317,17,0,25,0.9394264,18.35725,18.41793,16.76,True,False
33500,3350.918,81,625,0,236,223,13,0,22,0.9478077,17.3456,17.48922,13.40909,True,False
33550,3355.923,73,576,0,276,266,10,1,15,0.9574926,16.67361,16.68093,16.4,True,False
33600,3360.928,67,528,0,206,202,4,0,15,0.9576424,17.97727,17.90448,20.46667,True,False
33650,3365.933,64,474,0,241,230,11,1,13,0.9562413,17.71519,17.63991,20.38461,True,False
33700,3370.938,65,432,0,252,242,10,0,14,0.9640029,18.53704,18.50239,19.57143,True,False
33750,3375.943,61,402,0,161,156,5,0,13,0.9638375,18.96766,18.99486,18.15385,True,False
33800,3380.948,59,365,0,158,145,13,0,13,0.9728139,15.93973,15.9233,16.38461,True,False
33850,3385.952,49,329,0,93,89,4,0,13,0.9633802,16.21581,16.26266,15.07692,True,False
33900,3390.957,48,295,0,176,170,6,1,9,0.960321,15.6678,15.54895,19.44444,True,False
33950,3395.962,42,267,0,59,57,2,0,8,0.9493507,14.67416,14.70656,13.625,True,False
34000,3400.967,40,241,0,83,82,1,0,8,0.9751213,13.92946,13.90558,14.625,True,False
34050,3405.972,41,212,0,43,40,3,0,9,0.9529093,12.99057,13.03448,12,True,False
34100,3410.977,45,193,0,91,88,3,0,6,0.9686975,14.84974,14.98396,10.66667,True,False
34150,3415.982,50,183,0,36,36,0,0,3,0.978939,14.78142,14.71667,18.66667,True,False
34200,3420.987,57,174,0,75,73,2,0,3,0.9695883,13.97701,13.95906,15,True,False
34250,3425.991,57,157,0,43,43,0,0,2,0.9637908,13.22293,13.28387,8.5,True,False
34300,3430.996,57,146,0,40,38,2,0,4,0.9707847,12.86301,12.94366,10,True,False
34350,3436.001,68,133,0,58,58,0,0,3,0.9631752,11.50376,11.46154,13.33333,True,False
34400,3441.006,76,121,0,30,27,3,0,4,0.9495283,11.95041,11.86325,14.5,True,False
34450,3446.011,86,115,0,44,42,2,0,4,0.9703436,11.75652,11.54054,17.75,True,False
34500,3451.016,93,102,0,41,41,0,0,8,0.9461082,10.84314,10.85106,10.75,True,False
34550,3456.021,110,94,0,65,64,1,0,3,0.9261886,10.14894,9.956044,16,True,False
34600,3461.026,119,86,0,61,55,6,0,8,0.9380488,10.37209,10.35897,10.5,True,False
34650,3466.031,130,74,0,70,67,3,1,4,0.9609774,8.72973,8.414286,14.25,True,False
34700,3471.035,146,72,0,116,104,12,0,7,0.9836952,8.833333,8.769231,9.428572,True,False
34750,3476.04,156,67,0,115,102,13,0,8,0.958236,7.671642,7.79661,6.75,True,False
34800,3481.045,170,58,0,90,80,10,0,6,0.942203,6.068965,6.019231,6.5,True,False
34850,3486.05,202,54,0,67,57,10,0,7,0.8594016,5.037037,4.765957,6.857143,True,False
34900,3491.055,231,50,0,118,97,21,0,7,0.8462626,5.2,5.186047,5.285714,True,False
34950,3496.06,255,45,0,38,32,6,0,5,0.8714934,5.511111,5.45,6,True,False
35000,3501.065,285,44,0,93,85,8,0,5,0.798992,6.045455,6.230769,4.6,True,False
35050,3506.07,310,46,0,52,37,15,1,11,0.7622206,5.304348,5.257143,5.454545,True,False
35100,3511.074,346,40,0,95,76,19,0,9,0.7239519,4.25,4.129032,4.666667,True,False
35150,3516.079,385,37,0,87,66,21,1,11,0.6496559,4.162162,3.692308,5.272727,True,False
35200,3521.084,436,36,0,114,90,24,1,7,0.4656091,5,4.413793,7.428571,True,False
35250,3526.089,494,35,0,127,111,16,1,3,0.2478743,4.914286,5.15625,2.333333,True,False
35300,3531.094,552,31,0,179,148,31,0,6,0.3205125,4.258065,4.36,3.833333,True,False
35350,3536.099,614,33,0,189,142,47,0,8,0.3534444,5.090909,5.16,4.875,True,False
35400,3541.104,688,35,0,168,121,47,0,10,0.2505313,4.742857,4.24,6,True,False
35450,3546.109,775,35,0,196,169,27,0,5,0.2185368,5.028572,4.833333,6.2,True,False
35500,3551.114,881,32,0,215,182,33,0,6,0.2537649,5.125,5.423077,3.833333,True,False
35550,3556.118,987,33,0,205,131,74,0,10,0.2622017,5.272727,5.043478,5.8,True,False
35600,3561.123,1120,33,0,253,117,136,0,17,0.2192103,5.69697,4.75,6.588235,True,False
35650,3566.128,1265,33,0,341,252,89,0,9,0.0140673,5.212121,4.791667,6.333333,True,False
35700,3571.133,1399,40,0,480,180,300,1,24,0.06865654,5.625,4.3125,6.5,True,False
35750,3576.138,1571,40,0,432,165,267,0,24,0.07077672,6.25,4.75,7.25,True,False
35800,3581.143,1735,40,0,547,352,195,1,14,0.2162202,6.35,6.076923,6.857143,True,False
35850,3586.148,1927,49,0,665,267,398,0,29,0.1811247,5.612245,5.85,5.448276,True,False
35900,3591.153,2141,58,0,1013,502,511,1,30,0.09141351,5.965517,4.714286,7.133333,True,False
35950,3596.157,2366,60,0,1104,565,539,2,29,0.4515998,4.5,3.516129,5.551724,True,False
36000,3601.162,2614,66,0,1420,609,811,1,36,0.4493407,6.515152,7.133333,6,True,False
36050,3606.167,2841,69,0,1404,492,912,1,46,0.3149537,6,6.73913,5.630435,True,False
36100,3611.172,3088,75,0,1628,739,889,2,42,0.3470538,5.4,4.727273,5.928571,True,False
36150,3616.177,3335,81,0,2109,915,1194,0,47,0.3520896,6.617284,5.558824,7.382979,True,False
36200,3621.182,3604,82,0,2159,967,1192,1,45,0.1557872,5.707317,6.27027,5.244444,True,False
36250,3626.187,3807,107,0,2936,993,1943,1,71,0.07290034,6.392523,6.083333,6.549296,True,False
36300,3631.192,4031,134,0,3784,1649,2135,2,77,0.3336897,9.61194,8.666667,10.31169,True,False
36350,3636.197,4183,168,0,4679,1835,2844,2,104,0.5213851,11.25595,11.9375,10.83654,True,False
36400,3641.201,4318,208,0,6946,2683,4263,5,128,0.4718597,10.54327,10.8375,10.35938,True,False
36450,3646.206,4377,265,0,8373,3345,5028,9,160,0.5156596,10.36604,9.971429,10.625,True,False
36500,3651.211,4392,309,0,9592,3338,6254,2,204,0.5726423,9.475728,9.276191,9.578431,True,False
36550,3656.216,4385,356,0,11174,3538,7636,10,240,0.7129213,10.07865,10.46552,9.891666,True,False
36600,3661.221,4374,411,0,13248,4384,8864,10,271,0.7493474,10.71533,10.47857,10.83764,True,False
36650,3666.226,4326,453,0,14161,4755,9406,6,301,0.7484033,11.56512,10.6579,12.02326,True,False
36700,3671.231,4273,507,0,16286,5303,10983,4,342,0.8038459,15.03945,15.17576,14.97368,True,False
36750,3676.236,4220,557,0,17089,6130,10959,8,357,0.8187,13.92101,13.425,14.19888,True,False
36800,3681.24,3990,666,0,19209,6249,12960,11,446,0.8244074,13.98649,13.58182,14.1861,True,False
36850,3686.245,3750,775,0,21285,8039,13246,8,485,0.82447,14.60258,14.36552,14.74433,True,False
36900,3691.25,3463,877,0,21402,8303,13099,8,533,0.7860952,15.14253,14.77326,15.38086,True,False
36950,3696.255,3121,947,0,20910,8537,12373,14,558,0.7737008,16.58923,16.37789,16.73656,True,False
37000,3701.26,2800,1022,0,20576,9233,11343,12,562,0.7873097,17.56458,17.30652,17.7758,True,False
37050,3706.265,2422,1092,0,18644,9128,9516,20,556,0.8267748,17.32051,16.92351,17.70324,True,False
37100,3711.27,2016,1195,0,16162,7940,8222,10,605,0.8463039,20.69874,20.75085,20.64793,True,False
37150,3716.275,1635,1214,0,13233,7118,6115,13,563,0.8669128,17.30231,16.80338,17.87922,True,False
37200,3721.28,1309,1255,0,11553,6998,4555,10,493,0.89088,18.31793,18.12467,18.61663,True,False
37250,3726.284,994,1278,0,8524,5767,2757,5,412,0.8902828,18.42175,18.64319,17.95631,True,False
37300,3731.289,750,1272,0,6388,4421,1967,4,383,0.9127836,19.31682,19.57368,18.72063,True,False
37350,3736.294,560,1218,0,4139,3183,956,2,277,0.8941373,20.41708,20.79065,19.14801,True,False
37400,3741.299,424,1170,0,3082,2422,660,1,215,0.8814942,18.78889,18.68691,19.24186,True,False
37450,3746.304,313,1098,0,2208,1886,322,2,160,0.9089255,19.80601,19.78252,19.94375,True,False
37500,3751.309,246,1031,0,1716,1505,211,2,117,0.9110299,19.86615,19.95952,19.13675,True,False
37550,3756.314,193,965,0,1162,1037,125,2,92,0.9295232,19.63212,19.65865,19.38043,True,False
37600,3761.319,167,904,0,780,707,73,0,74,0.9402978,19.5188,19.39157,20.94595,True,False
37650,3766.323,148,837,0,722,675,47,1,45,0.9460258,20.86977,20.9255,19.88889,True,False
37700,3771.328,128,770,0,510,483,27,1,49,0.9531289,18.67273,18.60888,19.61225,True,False
37750,3776.333,114,702,0,364,345,19,1,37,0.9407029,20.7151,20.75338,20.02703,True,False
37800,3781.338,93,648,0,425,407,18,0,35,0.9296051,17.12037,17.27569,14.4,True,False
37850,3786.343,74,590,0,153,146,7,0,26,0.9427509,17.64915,17.61702,18.34615,True,False
37900,3791.348,62,538,0,157,153,4,0,18,0.9587326,19.72862,19.73462,19.55556,True,False
37950,3796.353,64,490,0,86,86,0,0,8,0.9454517,16.71837,16.68672,18.625,True,False
38000,3801.358,63,444,0,93,93,0,0,6,0.9335487,16.89865,16.86758,19.16667,True,False
38050,3806.363,59,403,0,132,131,1,0,5,0.9283452,18.69727,18.66583,21.2,True,False
38100,3811.367,58,362,0,103,102,1,0,5,0.8683513,16.49724,16.51821,15,True,False
38150,3816.372,57,344,0,122,116,6,1,7,0.8681458,20.52035,20.46884,23,True,False
38200,3821.377,60,311,0,78,77,1,0,6,0.862811,17.94534,17.98033,16.16667,True,False
38250,3826.382,60,279,0,185,179,6,0,7,0.8874076,14.27957,14.25735,15.14286,True,False
38300,3831.387,60,259,0,91,88,3,0,9,0.8720637,17.95367,17.776,22.88889,True,False
38350,3836.392,66,237,0,40,40,0,0,8,0.9134434,14.33755,14.24454,17,True,False
38400,3841.397,64,218,0,48,46,2,0,9,0.9285766,16.40367,16.27751,19.33333,True,False
38450,3846.402,62,201,0,51,50,1,0,9,0.9182553,18.33831,18.45833,15.77778,True,False
38500,3851.406,74,181,0,119,115,4,0,4,0.9328339,18.54144,18.51977,19.5,True,False
38550,3856.411,80,174,0,84,83,1,0,4,0.958067,16.02874,15.94118,19.75,True,False
38600,3861.416,83,161,0,50,50,0,0,2,0.9727266,16.28572,16.13208,28.5,True,False
38650,3866.421,95,152,0,162,158,4,1,4,0.9636707,14.80263,14.66216,20,True,False
38700,3871.426,97,140,0,28,28,0,0,6,0.9597626,16.74286,16.51493,21.83333,True,False
38750,3876.431,112,120,0,48,42,6,0,7,0.9531254,15.01667,14.86726,17.42857,True,False
38800,3881.436,136,112,0,58,55,3,0,3,0.944645,14.78571,14.82569,13.33333,True,False
38850,3886.441,152,101,0,111,109,2,1,2,0.9437054,13.88119,13.77778,19,True,False
38900,3891.446,171,94,0,115,113,2,1,4,0.9252356,11.59575,11.62222,11,True,False
38950,3896.45,198,85,0,84,82,2,0,3,0.9441717,10.56471,10.59756,9.666667,True,False
39000,3901.455,221,78,0,61,54,7,0,6,0.9405753,10.4359,10.29167,12.16667,True,False
39050,3906.46,244,73,0,109,105,4,1,4,0.9527001,13.0137,12.85507,15.75,True,False
39100,3911.465,264,68,0,171,154,17,0,6,0.9378853,13.32353,12.82258,18.5,True,False
39150,3916.47,283,66,0,93,82,11,0,7,0.9026601,11.33333,11.37288,11,True,False
39200,3921.475,315,63,0,130,118,12,0,6,0.8400738,12.25397,11.77193,16.83333,True,False
39250,3926.48,355,59,0,134,119,15,0,8,0.8951527,10.84746,10.94118,10.25,True,False
39300,3931.485,407,56,0,173,131,42,0,13,0.8132428,9.857142,10.13953,8.923077,True,False
39350,3936.49,452,54,0,211,148,63,0,15,0.8520814,9.259259,9.589744,8.4,True,False
39400,3941.494,500,50,0,153,113,40,0,12,0.8747067,8.24,8.789474,6.5,True,False
39450,3946.499,573,47,0,158,127,31,0,11,0.7593548,7.617021,7.333333,8.545455,True,False
39500,3951.504,634,44,0,206,142,64,0,14,0.8953004,7.272727,7.5,6.785714,True,False
39550,3956.509,762,40,0,215,175,40,0,9,0.8871499,6.75,6.741935,6.777778,True,False
39600,3961.514,865,37,0,177,138,39,0,8,0.7736009,6.594594,6.689655,6.25,True,False
39650,3966.519,983,36,0,243,157,86,1,10,0.6777217,5.722222,6.076923,4.8,True,False
39700,3971.524,1132,34,0,287,144,143,2,15,0.5700512,5.176471,5.736842,4.466667,True,False
39750,3976.529,1232,32,0,293,129,164,0,19,0.7621241,4.8125,6.692307,3.526316,True,False
39800,3981.533,1377,27,0,243,169,74,0,10,0.734724,5.259259,5.529412,4.8,True,False
39850,3986.538,1549,31,0,361,191,170,0,15,0.4840576,4.451613,5.3125,3.533333,True,False
39900,3991.543,1740,30,0,412,226,186,0,13,0.5988526,4.2,4.294117,4.076923,True,False
39950,3996.548,1938,29,0,445,211,234,1,15,0.5904687,3.724138,3.5,3.933333,True,False
40000,4001.553,2118,33,0,534,261,273,0,19,0.4199542,2.969697,1.928571,3.736842,True,False
40050,4006.558,2360,30,0,543,293,250,0,14,0.2484491,2.4,2.5625,2.214286,True,False
40100,4011.563,2604,34,0,682,230,452,1,21,0.4476859,2.382353,2.461539,2.333333,True,False
40150,4016.568,2861,37,0,926,412,514,0,21,0.4041616,2.486486,2.5625,2.428571,True,False
40200,4021.573,3109,38,0,983,297,686,0,27,0.3869162,3,2.727273,3.111111,True,False
40250,4026.577,3369,40,0,1010,356,654,1,24,0.5383358,2.875,2.3125,3.25,True,False
40300,4031.582,3628,43,0,1197,523,674,0,26,0.3248655,3.255814,3.411765,3.153846,True,False
40350,4036.587,3910,49,0,1407,557,850,0,31,0.4424862,3.591837,3.611111,3.580645,True,False
40400,4041.592,4167,57,0,1893,619,1274,3,35,0.4392443,3.526316,2.363636,4.257143,True,False
40450,4046.597,4402,69,0,2430,1057,1373,3,39,0.3874072,3.753623,3.366667,4.051282,True,False
40500,4051.602,4637,86,0,3014,988,2026,0,60,0.3738954,5.906977,5.346154,6.15,True,False
40550,4056.607,4857,94,0,3472,1131,2341,1,62,0.5680342,6.148936,6.0625,6.193548,True,False
40600,4061.612,5038,107,0,4104,1153,2951,2,75,0.5756472,7.308411,7.25,7.333333,True,False
40650,4066.616,5219,124,0,4962,1717,3245,4,84,0.5204632,8.306452,9.175,7.892857,True,False
40700,4071.621,5361,142,0,5444,1337,4107,0,107,0.523899,8.802817,9.428572,8.598131,True,False
40750,4076.626,5466,168,0,6737,1863,4874,3,122,0.462032,9.273809,9.021739,9.368853,True,False
40800,4081.631,5533,202,0,8098,2029,6069,3,152,0.3159641,8.148515,8.9,7.901316,True,False
40850,4086.636,5582,239,0,9826,3366,6460,2,163,0.3870853,9.606694,9.736842,9.546012,True,False
40900,4091.641,5535,283,0,11544,3437,8107,6,197,0.4044413,8.466431,8.209302,8.57868,True,False
40950,4096.646,5531,359,0,14699,4431,10268,5,251,0.2355049,10.70474,10.33333,10.86454,True,False
41000,4101.65,5418,434,0,17221,5201,12020,5,306,0.1592033,10.65438,10.36719,10.77451,True,False
41050,4106.655,5317,495,0,18963,6153,12810,10,336,0.1674068,12.22828,12.24528,12.22024,True,False
41100,4111.66,5131,568,0,21444,6432,15012,11,400,0.3824496,13.89965,13.19643,14.195,True,False
41150,4116.665,4895,626,0,22075,6615,15460,10,442,0.5997511,13.30671,13.64674,13.16516,True,False
41200,4121.67,4630,707,0,23668,7975,15693,12,476,0.6238224,15.09052,14.56277,15.34664,True,False
41250,4126.675,4341,790,0,24742,7642,17100,8,547,0.6734763,15.83418,15.1358,16.14442,True,False
41300,4131.68,4002,904,0,27125,9443,17682,18,592,0.665014,15.56527,15.21474,15.75,True,False
41350,4136.685,3599,1026,0,27709,10127,17582,14,645,0.7266107,17.346,17.65092,17.16589,True,False
41400,4141.689,3099,1156,0,25515,11007,14508,11,665,0.7735373,16.78374,17.0998,16.55038,True,False
41450,4146.694,2587,1272,0,22956,10108,12848,14,714,0.8144632,20.5456,19.87993,21.06583,True,False
41500,4151.699,2081,1361,0,20080,9471,10609,21,707,0.8466963,18.93093,18.99694,18.86987,True,False
41550,4156.704,1612,1432,0,16280,8841,7439,13,646,0.8624921,18.18296,18.25445,18.09598,True,False
41600,4161.709,1190,1464,0,11718,6972,4746,6,579,0.8906976,19.53415,19.66893,19.32815,True,False
41650,4166.714,857,1477,0,8320,5455,2865,6,490,0.9034905,20.10223,20.1692,19.96735,True,False
41700,4171.719,592,1433,0,6012,4359,1653,6,391,0.9077699,18.78576,18.72649,18.94373,True,False
41750,4176.724,375,1362,0,2920,2268,652,4,296,0.9172771,20.13142,20.00938,20.57095,True,False
41800,4181.729,273,1281,0,1976,1661,315,1,208,0.9170719,20.43091,20.46319,20.26442,True,False
41850,4186.733,205,1179,0,1370,1205,165,2,139,0.9386013,20.0704,20.15577,19.43165,True,False
41900,4191.738,159,1068,0,938,843,95,4,97,0.935558,18.66386,18.63852,18.91753,True,False
41950,4196.743,124,971,0,613,574,39,0,60,0.9503376,20.27909,20.2865,20.16667,True,False
42000,4201.748,97,895,0,403,384,19,1,47,0.9609376,18.44357,18.55424,16.44681,True,False
42050,4206.753,82,828,0,347,338,9,0,38,0.959362,18.96014,19.05063,17.07895,True,False
42100,4211.758,74,758,0,292,287,5,0,26,0.9677498,18.99868,19.01776,18.46154,True,False
42150,4216.763,66,690,0,198,187,11,1,17,0.9616042,17.08986,17.03418,19.29412,True,False
42200,4221.768,64,625,0,248,233,15,0,19,0.9624484,19.8832,20.02475,15.36842,True,False
42250,4226.772,57,568,0,169,166,3,0,16,0.9586463,18.01584,18.08514,15.625,True,False
42300,4231.777,54,520,0,158,158,0,0,12,0.9681919,18.25769,18.26378,18,True,False
42350,4236.782,48,483,0,121,115,6,1,10,0.9650515,18.62319,18.65539,17.1,True,False
42400,4241.787,51,430,0,139,135,4,0,7,0.9601446,17.97674,18.06147,12.85714,True,False
42450,4246.792,51,398,0,58,54,4,0,7,0.9492077,17.26131,17.36573,11.42857,True,False
42500,4251.797,57,365,0,133,132,1,0,7,0.9627706,15.89315,15.96369,12.28571,True,False
42550,4256.802,59,327,0,85,83,2,1,4,0.95985,16.98165,16.94737,19.75,True,False
42600,4261.807,64,301,0,76,76,0,1,4,0.967126,16.05648,15.9798,21.75,True,False
42650,4266.812,64,272,0,143,141,2,0,4,0.9618117,16.96324,16.87687,22.75,True,False
42700,4271.816,64,245,0,62,59,3,0,3,0.9635085,15.02857,15.06612,12,True,False
42750,4276.821,75,225,0,121,119,2,0,3,0.958313,15.51111,15.52703,14.33333,True,False
42800,4281.826,81,209,0,84,84,0,0,4,0.9738454,14.44498,14.5122,11,True,False
42850,4286.831,90,191,0,55,53,2,0,7,0.9332407,14.7644,14.81522,13.42857,True,False
42900,4291.836,102,181,0,61,58,3,0,5,0.9528857,16.27624,16.26705,16.6,True,False
42950,4296.841,110,162,0,73,73,0,0,3,0.9624845,14.19753,14.25157,11.33333,True,False
43000,4301.846,120,146,0,92,89,3,0,9,0.9458265,13.92466,14.17518,10.11111,True,False
43050,4306.851,125,133,0,93,88,5,0,7,0.9083608,12.19549,12.03968,15,True,False
43100,4311.855,140,122,0,84,82,2,0,3,0.9630471,10.40984,10.31092,14.33333,True,False
43150,4316.86,161,112,0,52,51,1,0,6,0.9520968,11.58929,11.70755,9.5,True,False
43200,4321.865,179,102,0,58,54,4,0,4,0.9501268,10.45098,10.5102,9,True,False
43250,4326.87,204,98,0,129,126,3,0,2,0.9470004,11.46939,11.5625,7,True,False
43300,4331.875,219,93,0,155,134,21,0,11,0.9353034,10.32258,10.32927,10.27273,True,False
43350,4336.88,242,88,0,139,116,23,0,12,0.9582092,9.772727,9.894737,9,True,False
43400,4341.885,275,80,0,146,133,13,0,8,0.9567325,9.625,9.736111,8.625,True,False
43450,4346.89,301,80,0,186,160,26,0,10,0.9317135,10.125,10.35714,8.5,True,False
43500,4351.895,340,74,0,188,166,22,0,8,0.9252659,10.21622,10.37879,8.875,True,False
43550,4356.899,378,69,0,256,205,51,0,12,0.8886507,10.14493,10.08772,10.41667,True,False
43600,4361.904,417,71,0,185,131,54,0,18,0.803252,9.591549,9.735849,9.166667,True,False
43650,4366.909,463,70,0,185,133,52,1,17,0.7590516,8.442857,8.415094,8.529411,True,False
43700,4371.914,514,67,0,149,122,27,1,14,0.7945172,10.83582,11.30189,9.071428,True,False
43750,4376.919,574,65,0,255,222,33,0,11,0.8338843,8.615385,8.888889,7.272727,True,False
43800,4381.924,651,60,0,155,129,26,0,8,0.8846465,8.3,8.538462,6.75,True,False
43850,4386.929,738,54,0,266,220,46,0,9,0.8908444,6.777778,7.355556,3.888889,True,False
43900,4391.934,826,55,0,290,206,84,0,16,0.8628452,6.654545,6.589744,6.8125,True,False
43950,4396.938,916,60,0,334,253,81,2,16,0.7914571,7.1,7.090909,7.125,True,False
44000,4401.943,1027,63,0,419,287,132,2,22,0.7373415,9.095238,9.121951,9.045455,True,False
44050,4406.948,1168,59,0,591,387,204,1,22,0.727307,9.694915,9.081081,10.72727,True,False
44100,4411.953,1283,72,0,742,391,351,1,34,0.6572056,8.833333,8.736842,8.941176,True,False
44150,4416.958,1434,74,0,849,523,326,1,28,0.4699147,8.972973,8.521739,9.714286,True,False
44200,4421.963,1581,83,0,922,542,380,2,33,0.4937441,8,8.3,7.545455,True,False
44250,4426.968,1746,85,0,1076,647,429,2,36,0.4043476,7.164706,8.204082,5.75,True,False
44300,4431.973,1909,94,0,1354,662,692,2,47,0.3784456,7.095745,6.851064,7.340425,True,False
44350,4436.978,2098,96,0,1452,736,716,0,46,0.6079828,7.354167,7.22,7.5,True,False
44400,4441.982,2284,106,0,1727,797,930,0,59,0.5605597,7.188679,7.255319,7.135593,True,False
44450,4446.987,2470,113,0,2346,1118,1228,0,60,0.5955672,7.80531,8.679245,7.033333,True,False
44500,4451.992,2623,128,0,2314,1121,1193,4,69,0.4229911,6.117188,6.322034,5.942029,True,False
44550,4456.997,2818,145,0,3113,1344,1769,3,80,0.5201988,8.503448,7.784616,9.0875,True,False
44600,4462.002,2998,164,0,3843,1806,2037,4,86,0.5029456,9.097561,8.858974,9.313953,True,False
44650,4467.007,3154,188,0,4455,2049,2406,6,99,0.6608966,9.25,9.494382,9.030303,True,False
44700,4472.012,3309,189,0,4736,1843,2893,5,117,0.7007897,9.137567,11.02778,7.974359,True,False
44750,4477.017,3455,205,0,5091,1790,3301,2,137,0.7423844,8.52683,9.338235,8.124087,True,False
44800,4482.021,3573,239,0,6235,2436,3799,2,152,0.7836484,11.0251,10.22989,11.48026,True,False
44850,4487.026,3660,272,0,6804,2543,4261,4,172,0.7677344,11.70956,11.56,11.79651,True,False
44900,4492.031,3725,313,0,8474,3440,5034,6,188,0.7417609,11.82748,12.6,11.31383,True,False
44950,4497.036,3766,346,0,9798,3674,6124,4,216,0.8355924,12.85549,12.42308,13.11574,True,False
45000,4502.041,3772,400,0,10809,4120,6689,5,245,0.8351439,12.0275,11.89032,12.11429,True,False
45050,4507.046,3761,467,0,13061,4777,8284,4,294,0.7777959,12.24411,12.45087,12.12245,True,False
45100,4512.051,3655,507,0,13055,4611,8444,10,327,0.8401875,13.06312,13.53333,12.80428,True,False
45150,4517.056,3540,582,0,14448,5248,9200,10,367,0.8016715,13.81443,13.87907,13.77657,True,False
45200,4522.061,3459,644,0,16090,6508,9582,11,383,0.8172892,16.19565,15.74713,16.5013,True,False
45250,4527.065,3282,695,0,17178,6938,10240,12,411,0.8230223,14.31223,13.65845,14.76399,True,False
45300,4532.07,3052,769,0,16339,6496,9843,11,457,0.8374425,16.97529,16.78846,17.10284,True,False
45350,4537.075,2752,855,0,16245,6761,9484,15,499,0.8436691,16.04445,15.73315,16.26653,True,False
45400,4542.08,2496,918,0,16178,7079,9099,6,523,0.8499393,17.86928,18.16456,17.64627,True,False
45450,4547.085,2212,984,0,15725,8107,7618,12,476,0.8575995,16.76118,16.23425,17.32353,True,False
45500,4552.09,1884,1039,0,13928,7327,6601,8,496,0.8454446,18.45525,18.67772,18.21169,True,False
45550,4557.095,1573,1084,0,11519,6683,4836,8,454,0.8362643,16.67435,16.63333,16.73128,True,False
45600,4562.1,1258,1115,0,9349,5741,3608,7,431,0.8809545,16.73094,16.5614,17,True,False
45650,4567.104,1042,1127,0,7625,4990,2635,5,390,0.8914547,17.72582,17.63229,17.90257,True,False
45700,4572.109,859,1116,0,6094,4269,1825,7,326,0.8836609,19.80197,19.60253,20.28528,True,False
45750,4577.114,657,1096,0,4149,3061,1088,6,265,0.8854727,18.10402,18.25752,17.62264,True,False
45800,4582.119,507,1042,0,3610,2807,803,8,231,0.9042799,16.96545,17.04316,16.69264,True,False
45850,4587.124,407,1014,0,2839,2239,600,4,199,0.9279251,16.71992,16.70675,16.77387,True,False
45900,4592.129,315,964,0,1878,1559,319,5,148,0.9364862,17.70436,17.70956,17.67568,True,False
45950,4597.134,267,905,0,1523,1346,177,0,106,0.9536603,18.97901,19.03755,18.53773,True,False
46000,4602.139,210,837,0,1177,1043,134,1,94,0.9557766,19.45042,19.36339,20.1383,True,False
46050,4607.144,173,762,0,733,671,62,0,54,0.9444197,18.979,19.04237,18.14815,True,False
46100,4612.148,160,723,0,547,504,43,0,41,0.9417292,17.18672,17.18475,17.21951,True,False
46150,4617.153,139,671,0,564,538,26,1,38,0.9589836,17.43219,17.51185,16.10526,True,False
46200,4622.158,111,612,0,343,319,24,1,36,0.9506157,18.24673,18.26215,18,True,False
46250,4627.163,94,572,0,331,319,12,2,25,0.9580429,17.69056,17.70201,17.44,True,False
46300,4632.168,87,527,0,243,236,7,0,18,0.955588,18.33397,18.31434,18.88889,True,False
46350,4637.173,82,490,0,197,185,12,0,23,0.9321802,18.70204,18.77516,17.21739,True,False
46400,4642.178,85,444,0,202,188,14,0,18,0.9366454,17.29505,17.33803,16.27778,True,False
46450,4647.183,77,407,0,146,143,3,0,11,0.9309155,20.71007,20.70707,20.81818,True,False
46500,4652.188,80,372,0,164,160,4,1,7,0.9103285,15.81989,15.7589,19,True,False
46550,4657.192,80,333,0,113,111,2,0,4,0.9409036,16.13213,16.20061,10.5,True,False
46600,4662.197,79,305,0,139,136,3,0,7,0.9271355,15.97377,15.98993,15.28571,True,False
46650,4667.202,88,278,0,98,90,8,0,4,0.9209255,17.16187,17.23358,12.25,True,False
46700,4672.207,77,252,0,118,117,1,0,8,0.9184535,14.49206,14.66393,9.25,True,False
46750,4677.212,77,231,0,84,81,3,0,10,0.9093897,15.68831,15.88688,11.3,True,False
46800,4682.217,82,208,0,153,145,8,1,8,0.9172387,14.54808,14.675,11.375,True,False
46850,4687.222,87,193,0,66,64,2,0,7,0.9499524,13.82383,13.95699,10.28571,True,False
46900,4692.227,87,167,0,54,53,1,0,7,0.9173919,12.68263,12.8625,8.571428,True,False
46950,4697.231,99,152,0,89,87,2,1,4,0.9679124,12.4079,12.34459,14.75,True,False
47000,4702.236,107,143,0,86,82,4,0,5,0.9620377,11.73427,11.81159,9.6,True,False
47050,4707.241,117,132,0,65,63,2,0,7,0.9330729,12.24242,12.4,9.428572,True,False
47100,4712.246,128,124,0,103,102,1,0,5,0.9201087,12.22581,12.05042,16.4,True,False
47150,4717.251,146,113,0,98,90,8,0,6,0.9147878,15.15044,14.6729,23.66667,True,False
47200,4722.256,160,103,0,56,56,0,0,2,0.9088032,13.5534,13.42574,20,True,False
47250,4727.261,176,105,0,140,124,16,0,8,0.9140846,15.21905,14.64948,22.125,True,False
47300,4732.266,202,96,0,141,135,6,0,5,0.916361,16.5625,16.78022,12.6,True,False
47350,4737.271,227,94,0,228,205,23,0,8,0.9234853,16.21277,16.46512,13.5,True,False
47400,4742.275,254,82,0,72,64,8,0,7,0.8849289,12.7561,12.93333,10.85714,True,False
47450,4747.28,280,77,0,145,136,9,0,4,0.8866932,11.94805,12.08219,9.5,True,False
47500,4752.285,321,75,0,132,109,23,0,12,0.9580324,12.10667,12.09524,12.16667,True,False
47550,4757.29,354,71,0,142,116,26,0,10,0.935797,11.23944,11.52459,9.5,True,False
47600,4762.295,391,67,0,144,121,23,0,10,0.9647262,11.67164,11.4386,13,True,False
47650,4767.3,438,64,0,132,120,12,0,5,0.9448999,10.53125,10.67797,8.8,True,False
47700,4772.305,483,61,0,161,132,29,0,10,0.8704805,9.081967,9.333333,7.8,True,False
47750,4777.31,543,62,0,184,147,37,1,12,0.8204781,9.16129,9.68,7,True,False
47800,4782.314,606,59,0,170,126,44,0,13,0.8933496,9.152542,9.26087,8.769231,True,False
47850,4787.319,680,57,0,202,154,48,0,11,0.8517343,9.263158,9.347826,8.909091,True,False
47900,4792.324,771,55,0,343,284,59,1,9,0.8162879,9.127273,9.5,7.222222,True,False
47950,4797.329,856,51,0,295,199,96,0,15,0.8280152,7.411765,7.666667,6.8,True,False
48000,4802.334,984,49,0,391,259,132,0,19,0.7981734,6.367347,6,6.947369,True,False
48050,4807.339,1101,47,0,390,296,94,0,12,0.835659,7.06383,6.342857,9.166667,True,False
48100,4812.344,1251,44,0,413,302,111,1,13,0.8375131,7.909091,7.580645,8.692307,True,False
48150,4817.349,1428,41,0,524,339,185,0,15,0.7319035,6.146341,5.230769,7.733333,True,False
48200,4822.354,1590,40,0,448,208,240,0,20,0.8497406,5.45,4.55,6.35,True,False
48250,4827.358,1767,40,0,567,270,297,0,21,0.8306838,5.9,5.473684,6.285714,True,False
48300,4832.363,1970,40,0,582,290,292,1,20,0.8461487,5.675,6.95,4.4,True,False
48350,4837.368,2160,41,0,760,390,370,1,20,0.8048273,5.365854,6.047619,4.65,True,False
48400,4842.373,2377,44,0,743,309,434,0,27,0.8594544,5.272727,6.058824,4.777778,True,False
48450,4847.378,2621,48,0,813,434,379,1,21,0.6637128,5.041667,5.037037,5.047619,True,False
48500,4852.383,2839,62,0,1275,685,590,0,28,0.5438396,6.580645,6.852941,6.25,True,False
48550,4857.388,3052,67,0,1338,628,710,1,36,0.5218957,5.313433,5.612903,5.055555,True,False
48600,4862.393,3281,78,0,1908,788,1120,0,44,0.3998509,5.769231,5.264706,6.159091,True,False
48650,4867.397,3552,88,0,2187,941,1246,2,49,0.3675011,5.454545,5.25641,5.612245,True,False
48700,4872.402,3750,93,0,2687,1159,1528,1,55,0.4347331,8,8.763158,7.472727,True,False
48750,4877.407,3962,108,0,2916,1065,1851,2,67,0.6002703,9.203704,9.097561,9.268657,True,False
48800,4882.412,4204,127,0,3819,1184,2635,4,88,0.6141753,8.889764,9.025641,8.829545,True,False
48850,4887.417,4410,147,0,4755,1468,3287,2,99,0.4910177,8.537415,6.895833,9.333333,True,False
48900,4892.422,4608,157,0,5829,1875,3954,1,107,0.5282849,9.101911,8.74,9.271028,True,False
48950,4897.427,4758,181,0,6667,2190,4477,3,125,0.7028282,11.00552,10.67857,11.152,True,False
49000,4902.432,4879,200,0,7302,2677,4625,3,129,0.6999747,9.885,8.746479,10.51163,True,False
49050,4907.437,4968,242,0,9302,2604,6698,6,177,0.6957245,11.09504,12.49231,10.58192,True,False
49100,4912.441,5027,292,0,10488,3028,7460,2,211,0.7096902,11.58904,10.65432,11.94787,True,False
49150,4917.446,5024,348,0,12304,3408,8896,3,254,0.7856168,12.91092,12.48936,13.06693,True,False
49200,4922.451,5014,377,0,12843,3375,9468,6,282,0.8057696,11.76658,12.17895,11.62766,True,False
49250,4927.456,4951,438,0,16223,5490,10733,9,290,0.7551023,13.55708,12.69595,13.99655,True,False
49300,4932.461,4823,527,0,18918,5922,12996,8,362,0.7908639,15.09488,14.71515,15.26796,True,False
49350,4937.466,4720,588,0,19558,5717,13841,10,410,0.8109271,12.70408,13.43258,12.3878,True,False
49400,4942.471,4520,659,0,21573,7379,14194,14,432,0.7923963,13.86495,14.04846,13.76852,True,False
49450,4947.476,4271,779,0,23999,8882,15117,13,491,0.7851083,14.92169,14.22569,15.32994,True,False
49500,4952.48,3826,925,0,25606,8558,17048,11,611,0.7766489,16.85405,16.82166,16.8707,True,False
49550,4957.485,3434,1074,0,24788,9419,15369,18,662,0.7688018,17.79236,18.21602,17.5287,True,False
49600,4962.49,2941,1207,0,24119,9874,14245,17,716,0.8054197,18.17813,18.27291,18.11313,True,False
49650,4967.495,2392,1317,0,23577,11123,12454,13,688,0.8372744,16.97874,17.43084,16.56541,True,False
49700,4972.5,1885,1442,0,20052,9773,10279,15,731,0.8327726,17.28988,17.2166,17.36115,True,False
49750,4977.505,1381,1491,0,14495,8407,6088,11,636,0.8741193,20.71831,20.36374,21.19497,True,False
49800,4982.51,1005,1505,0,9995,6372,3623,10,527,0.8801705,18.51163,18.47239,18.58444,True,False
49850,4987.515,726,1446,0,7038,4969,2069,9,404,0.9095483,20.29253,20.37908,20.06931,True,False
49900,4992.52,514,1388,0,4104,3085,1019,5,338,0.9012857,19.23127,19.6019,18.07988,True,False
49950,4997.524,382,1320,0,3065,2457,608,8,240,0.8920775,21.17121,21.12593,21.375,True,False
50000,5002.529,277,1238,0,2265,1925,340,3,164,0.8789873,19.39742,19.45438,19.02439,True,False
50050,5007.534,199,1152,0,1457,1277,180,0,113,0.8943927,19.2309,19.44947,17.22124,True,False
