Step, Time, PreyPop, PredPop, MutantPop, PreyInCaptureRange, PreyInCaptureRangeQuesting, PreyInCaptureRangeHandling, PreyConsumed, PredHandling, Polarization, Crowding, CrowdingQuesting, CrowdingHandling, CollectivePred, CollectivePrey, NumberOfGroups, MeanGroupSize, VarGroupSize, MaxGroupSize, NumberOfSingletonGroups, NumberOfMutantGroups, PreyInCaptureRangeMutant, LocalConspecificsMutant, LocalHeterospecificsMutant
50,4.999998,1076,106,0,872,664,208,1,26,0.04437842,0.8679245,0.925,0.6923077,False,True,0,0,0,0,0,0,0,0,0
100,10,1173,107,0,986,567,419,0,38,0.0755015,1.009346,0.9130435,1.184211,False,True,0,0,0,0,0,0,0,0,0
150,15.00002,1263,118,0,1281,618,663,2,50,0.06871682,1.169492,0.9558824,1.46,False,True,0,0,0,0,0,0,0,0,0
200,20.00004,1390,118,0,1361,577,784,2,50,0.0795742,1.050847,1,1.12,False,True,0,0,0,0,0,0,0,0,0
250,25.00006,1522,120,0,1637,710,927,1,49,0.03494498,1.083333,1.042253,1.142857,False,True,0,0,0,0,0,0,0,0,0
300,30.00008,1657,119,0,1807,675,1132,1,51,0.09943052,1.260504,1.205882,1.333333,False,True,0,0,0,0,0,0,0,0,0
350,35.00004,1822,135,0,2441,967,1474,0,66,0.1612687,1.214815,1.043478,1.393939,False,True,0,0,0,0,0,0,0,0,0
400,39.99996,1943,145,0,3188,1224,1964,1,73,0.1240525,1.565517,1.444444,1.684932,False,True,0,0,0,0,0,0,0,0,0
450,44.99989,2107,141,0,2821,852,1969,2,75,0.09949352,0.9929078,0.969697,1.013333,False,True,0,0,0,0,0,0,0,0,0
500,49.99981,2297,136,0,2554,933,1621,1,65,0.1035572,1.191176,1.15493,1.230769,False,True,0,0,0,0,0,0,0,0,0
550,54.99973,2491,145,0,2973,1240,1733,0,64,0.1135026,1.393103,1.419753,1.359375,False,True,0,0,0,0,0,0,0,0,0
600,59.99966,2636,159,0,3324,1238,2086,2,79,0.07663299,1.314465,1.4875,1.139241,False,True,0,0,0,0,0,0,0,0,0
650,64.99958,2818,181,0,4095,1322,2773,0,99,0.1122095,1.491713,1.390244,1.575758,False,True,0,0,0,0,0,0,0,0,0
700,69.9995,2971,192,0,4912,1841,3071,2,96,0.1354995,1.5,1.46875,1.53125,False,True,0,0,0,0,0,0,0,0,0
750,74.99943,3093,220,0,6328,2015,4313,5,123,0.1082962,2.009091,1.814433,2.162602,False,True,0,0,0,0,0,0,0,0,0
800,79.99935,3205,254,0,6968,2971,3997,6,128,0.09909337,2.346457,2.563492,2.132813,False,True,0,0,0,0,0,0,0,0,0
850,84.99928,3295,280,0,7782,2358,5424,7,161,0.04878093,2.592857,2.294118,2.813665,False,True,0,0,0,0,0,0,0,0,0
900,89.9992,3393,306,0,7266,2823,4443,7,156,0.0288914,2.522876,2.66,2.391026,False,True,0,0,0,0,0,0,0,0,0
950,94.99912,3452,342,0,9990,2923,7067,5,211,0.0291686,3.216374,2.793893,3.478673,False,True,0,0,0,0,0,0,0,0,0
1000,99.99905,3549,369,0,10538,3377,7161,5,221,0.08704329,3.01897,3.02027,3.0181,False,True,0,0,0,0,0,0,0,0,0
1050,104.999,3544,415,0,11560,3376,8184,3,264,0.1160447,3.484337,3.450331,3.503788,False,True,0,0,0,0,0,0,0,0,0
1100,109.9989,3503,453,0,13113,4512,8601,7,258,0.09596531,3.551876,3.482051,3.604651,False,True,0,0,0,0,0,0,0,0,0
1150,114.9988,3429,503,0,15042,5234,9808,9,293,0.07104149,4,3.938095,4.044369,False,True,0,0,0,0,0,0,0,0,0
1200,119.9987,3314,572,0,16237,5198,11039,8,338,0.07445955,4.631119,4.683761,4.594675,False,True,0,0,0,0,0,0,0,0,0
1250,124.9987,3232,639,0,17667,5309,12358,7,385,0.06604654,5.209702,5.11811,5.27013,False,True,0,0,0,0,0,0,0,0,0
1300,129.9987,3038,721,0,19420,6303,13117,9,417,0.08622326,5.866852,5.549342,6.098321,False,True,0,0,0,0,0,0,0,0,0
1350,134.999,2838,810,0,19959,6402,13557,7,456,0.07940602,6.68395,6.480226,6.842105,False,True,0,0,0,0,0,0,0,0,0
1400,139.9993,2605,885,0,19236,6713,12523,12,449,0.08918508,7.267797,7.149083,7.383073,False,True,0,0,0,0,0,0,0,0,0
1450,144.9996,2363,949,0,19785,7589,12196,13,474,0.07899771,7.85353,7.667368,8.040085,False,True,0,0,0,0,0,0,0,0,0
1500,150,2051,999,0,18603,6503,12100,14,487,0.08011158,8.275275,8.068359,8.492813,False,True,0,0,0,0,0,0,0,0,0
1550,155.0003,1786,1032,0,17073,6418,10655,9,457,0.05818422,8.459302,7.991304,9.04814,False,True,0,0,0,0,0,0,0,0,0
1600,160.0006,1485,1063,0,14119,5635,8484,5,446,0.05448267,8.529634,8.077796,9.154709,False,True,0,0,0,0,0,0,0,0,0
1650,165.0009,1247,1082,0,11491,5213,6278,7,388,0.07027196,8.663586,8.649856,8.688145,False,True,0,0,0,0,0,0,0,0,0
1700,170.0012,1012,1101,0,10498,4242,6256,4,360,0.06211783,8.970027,8.707152,9.511111,False,True,0,0,0,0,0,0,0,0,0
1750,175.0015,810,1078,0,9012,4028,4984,10,307,0.06872751,9.051021,8.680934,9.980456,False,True,0,0,0,0,0,0,0,0,0
1800,180.0018,639,1049,0,6404,3142,3262,5,267,0.06556766,8.554814,8.448849,8.865169,False,True,0,0,0,0,0,0,0,0,0
1850,185.0021,516,1012,0,4572,2338,2234,4,206,0.0483246,8.243083,8.122828,8.713593,False,True,0,0,0,0,0,0,0,0,0
1900,190.0024,436,941,0,3197,1600,1597,1,160,0.04709052,7.215728,7.184379,7.36875,False,True,0,0,0,0,0,0,0,0,0
1950,195.0027,382,886,0,2680,1607,1073,1,126,0.04722168,6.895034,6.877632,7,False,True,0,0,0,0,0,0,0,0,0
2000,200.003,326,821,0,2360,1510,850,3,109,0.0316231,6.500609,6.537921,6.256881,False,True,0,0,0,0,0,0,0,0,0
2050,205.0033,283,763,0,1599,1007,592,1,88,0.03483851,6.133683,6.185185,5.738636,False,True,0,0,0,0,0,0,0,0,0
2100,210.0036,262,707,0,1352,906,446,0,71,0.05818113,5.490806,5.504717,5.366197,False,True,0,0,0,0,0,0,0,0,0
2150,215.0039,231,653,0,978,646,332,0,62,0.05363526,5.254211,5.299492,4.822581,False,True,0,0,0,0,0,0,0,0,0
2200,220.0042,217,597,0,1021,710,311,0,52,0.04954884,4.824121,4.820183,4.865385,False,True,0,0,0,0,0,0,0,0,0
2250,225.0045,183,558,0,942,616,326,2,46,0.0585768,4.555555,4.503906,5.130435,False,True,0,0,0,0,0,0,0,0,0
2300,230.0048,166,520,0,821,540,281,2,50,0.04402008,4.136539,4.055319,4.9,False,True,0,0,0,0,0,0,0,0,0
2350,235.0051,156,481,0,654,466,188,1,35,0.03997697,3.661123,3.625561,4.114286,False,True,0,0,0,0,0,0,0,0,0
2400,240.0054,145,444,0,557,439,118,0,34,0.03076652,3.432432,3.463415,3.058824,False,True,0,0,0,0,0,0,0,0,0
2450,245.0058,138,407,0,310,242,68,0,29,0.02678262,3.213759,3.26455,2.551724,False,True,0,0,0,0,0,0,0,0,0
2500,250.0061,134,368,0,387,276,111,1,25,0.08485132,2.858696,2.862974,2.8,False,True,0,0,0,0,0,0,0,0,0
2550,255.0064,134,336,0,375,247,128,0,24,0.06432474,2.577381,2.580128,2.541667,False,True,0,0,0,0,0,0,0,0,0
2600,260.0067,133,306,0,391,316,75,0,18,0.09096985,2.503268,2.472222,3,False,True,0,0,0,0,0,0,0,0,0
2650,265.007,137,281,0,406,324,82,0,14,0.07563572,2.185053,2.146067,2.928571,False,True,0,0,0,0,0,0,0,0,0
2700,270.0073,138,261,0,276,230,46,1,13,0.08667568,2.045977,2.012097,2.692308,False,True,0,0,0,0,0,0,0,0,0
2750,275.0076,137,241,0,283,185,98,0,18,0.08152805,2.124481,2.143498,1.888889,False,True,0,0,0,0,0,0,0,0,0
2800,280.0079,152,222,0,235,154,81,0,12,0.0624609,1.837838,1.82381,2.083333,False,True,0,0,0,0,0,0,0,0,0
2850,285.0082,163,202,0,215,164,51,0,8,0.09867825,1.504951,1.520619,1.125,False,True,0,0,0,0,0,0,0,0,0
2900,290.0085,157,193,0,176,135,41,0,10,0.07871364,1.316062,1.284153,1.9,False,True,0,0,0,0,0,0,0,0,0
2950,295.0088,160,178,0,209,123,86,0,14,0.1313675,1.460674,1.432927,1.785714,False,True,0,0,0,0,0,0,0,0,0
3000,300.0091,181,159,0,257,146,111,0,14,0.1045533,1.245283,1.234483,1.357143,False,True,0,0,0,0,0,0,0,0,0
3050,305.0094,195,152,0,343,237,106,0,14,0.09376109,1.105263,1.115942,1,False,True,0,0,0,0,0,0,0,0,0
3100,310.0097,210,144,0,223,149,74,1,11,0.1282436,1.25,1.203007,1.818182,False,True,0,0,0,0,0,0,0,0,0
3150,315.01,233,137,0,199,148,51,0,12,0.1149403,1.021898,0.96,1.666667,False,True,0,0,0,0,0,0,0,0,0
3200,320.0103,267,124,0,211,180,31,0,11,0.1139291,0.6290323,0.6283186,0.6363636,False,True,0,0,0,0,0,0,0,0,0
3250,325.0106,298,119,0,496,297,199,0,14,0.06111867,1.411765,1.266667,2.5,False,True,0,0,0,0,0,0,0,0,0
3300,330.0109,327,111,0,173,116,57,0,14,0.1295635,0.9009009,0.927835,0.7142857,False,True,0,0,0,0,0,0,0,0,0
3350,335.0112,355,100,0,182,139,43,0,12,0.1231626,0.74,0.75,0.6666667,False,True,0,0,0,0,0,0,0,0,0
3400,340.0115,394,93,0,299,228,71,0,10,0.09087212,0.6451613,0.5903614,1.1,False,True,0,0,0,0,0,0,0,0,0
3450,345.0118,455,85,0,178,91,87,0,5,0.1066046,0.7529412,0.75,0.8,False,True,0,0,0,0,0,0,0,0,0
3500,350.0121,523,81,0,190,89,101,0,4,0.1384162,0.6666667,0.6753247,0.5,False,True,0,0,0,0,0,0,0,0,0
3550,355.0125,593,78,0,406,231,175,0,6,0.1500543,0.7948718,0.7638889,1.166667,False,True,0,0,0,0,0,0,0,0,0
3600,360.0128,665,80,0,454,193,261,0,16,0.1245498,0.45,0.4375,0.5,False,True,0,0,0,0,0,0,0,0,0
3650,365.0131,743,78,0,567,340,227,0,14,0.1130107,0.5384616,0.515625,0.6428571,False,True,0,0,0,0,0,0,0,0,0
3700,370.0134,853,74,0,533,251,282,0,13,0.0974998,0.7567568,0.6557377,1.230769,False,True,0,0,0,0,0,0,0,0,0
3750,375.0137,940,74,0,816,237,579,0,19,0.106287,0.472973,0.3818182,0.7368421,False,True,0,0,0,0,0,0,0,0,0
3800,380.014,1025,72,0,628,390,238,0,16,0.1181314,0.4166667,0.4464286,0.3125,False,True,0,0,0,0,0,0,0,0,0
3850,385.0143,1170,72,0,621,291,330,1,19,0.1055673,0.5833333,0.5283019,0.7368421,False,True,0,0,0,0,0,0,0,0,0
3900,390.0146,1289,74,0,1024,536,488,1,18,0.1106438,0.7297297,0.75,0.6666667,False,True,0,0,0,0,0,0,0,0,0
3950,395.0149,1415,86,0,1535,669,866,2,31,0.1189184,0.755814,0.7454545,0.7741935,False,True,0,0,0,0,0,0,0,0,0
4000,400.0152,1574,90,0,1325,534,791,3,35,0.1160105,0.8,0.8363636,0.7428572,False,True,0,0,0,0,0,0,0,0,0
4050,405.0155,1728,91,0,1330,592,738,1,34,0.1660553,0.7252747,0.5789474,0.9705882,False,True,0,0,0,0,0,0,0,0,0
4100,410.0158,1889,93,0,1844,655,1189,2,37,0.03834112,0.8387097,0.7321429,1,False,True,0,0,0,0,0,0,0,0,0
4150,415.0161,2056,109,0,1948,828,1120,0,49,0.05610849,1.174312,1,1.387755,False,True,0,0,0,0,0,0,0,0,0
4200,420.0164,2252,109,0,1853,848,1005,0,42,0.08940953,0.7522936,0.7313433,0.7857143,False,True,0,0,0,0,0,0,0,0,0
4250,425.0167,2409,123,0,2413,831,1582,2,57,0.1466276,1.341463,1.030303,1.701754,False,True,0,0,0,0,0,0,0,0,0
4300,430.017,2593,134,0,3261,1316,1945,1,61,0.1082688,1.238806,1.068493,1.442623,False,True,0,0,0,0,0,0,0,0,0
4350,435.0173,2781,154,0,3984,1407,2577,1,81,0.09677341,1.220779,1.20548,1.234568,False,True,0,0,0,0,0,0,0,0,0
4400,440.0176,2934,167,0,4073,1326,2747,2,82,0.1176231,1.57485,1.2,1.963415,False,True,0,0,0,0,0,0,0,0,0
4450,445.0179,3111,173,0,4866,1261,3605,0,94,0.1554717,1.757225,1.329114,2.117021,False,True,0,0,0,0,0,0,0,0,0
4500,450.0182,3235,191,0,5810,1843,3967,5,94,0.2105625,1.664922,1.391753,1.946808,False,True,0,0,0,0,0,0,0,0,0
4550,455.0186,3407,216,0,6840,2094,4746,3,115,0.1360608,2.148148,1.70297,2.53913,False,True,0,0,0,0,0,0,0,0,0
4600,460.0189,3541,236,0,7595,1919,5676,6,125,0.09685456,2.012712,1.927928,2.088,False,True,0,0,0,0,0,0,0,0,0
4650,465.0192,3678,278,0,9743,2389,7354,5,163,0.08227791,2.356115,2.208696,2.460123,False,True,0,0,0,0,0,0,0,0,0
4700,470.0195,3761,330,0,11512,3585,7927,11,184,0.09824973,2.957576,2.678082,3.179348,False,True,0,0,0,0,0,0,0,0,0
4750,475.0198,3778,379,0,12349,3294,9055,5,224,0.1403122,3.641161,3.619355,3.65625,False,True,0,0,0,0,0,0,0,0,0
4800,480.0201,3822,433,0,12508,3607,8901,1,235,0.156608,3.404157,3.40404,3.404255,False,True,0,0,0,0,0,0,0,0,0
4850,485.0204,3847,471,0,13543,3847,9696,5,257,0.1542929,3.728238,3.957944,3.536965,False,True,0,0,0,0,0,0,0,0,0
4900,490.0207,3793,523,0,14964,4018,10946,6,310,0.1295259,4.422562,4.460094,4.396774,False,True,0,0,0,0,0,0,0,0,0
4950,495.021,3727,574,0,16562,5578,10984,10,321,0.1330948,4.651568,4.715415,4.601246,False,True,0,0,0,0,0,0,0,0,0
5000,500.0213,3573,681,0,19683,6244,13439,7,399,0.1265956,5.832599,5.670213,5.947369,False,True,0,0,0,0,0,0,0,0,0
5050,505.0216,3393,757,0,19856,7293,12563,8,410,0.1342398,6.317041,6.141211,6.465854,False,True,0,0,0,0,0,0,0,0,0
5100,510.0219,3094,856,0,20783,7883,12900,14,471,0.110289,6.936916,6.968831,6.910828,False,True,0,0,0,0,0,0,0,0,0
5150,515.0213,2770,969,0,21798,8118,13680,11,522,0.09798454,7.831785,7.879195,7.791188,False,True,0,0,0,0,0,0,0,0,0
5200,520.0201,2392,1080,0,21804,8953,12851,15,565,0.09967422,8.578704,8.32233,8.812389,False,True,0,0,0,0,0,0,0,0,0
5250,525.0189,2010,1174,0,20268,8200,12068,8,600,0.1024139,9.603066,9.45993,9.74,False,True,0,0,0,0,0,0,0,0,0
5300,530.0176,1633,1237,0,18004,8351,9653,11,557,0.1084257,10.24171,10.08676,10.43088,False,True,0,0,0,0,0,0,0,0,0
5350,535.0164,1288,1239,0,13535,6484,7051,11,500,0.118685,10.1017,9.939107,10.342,False,True,0,0,0,0,0,0,0,0,0
5400,540.0152,977,1247,0,10697,5549,5148,9,428,0.09239773,10.06175,9.870574,10.42757,False,True,0,0,0,0,0,0,0,0,0
5450,545.014,737,1256,0,7860,4288,3572,6,354,0.1046767,9.774681,9.718404,9.918079,False,True,0,0,0,0,0,0,0,0,0
5500,550.0128,531,1248,0,5416,3250,2166,5,289,0.07685922,9.912661,9.806048,10.26644,False,True,0,0,0,0,0,0,0,0,0
5550,555.0115,385,1181,0,3683,2141,1542,3,228,0.08161909,9.11431,9.168941,8.885965,False,True,0,0,0,0,0,0,0,0,0
5600,560.0103,300,1077,0,2659,1570,1089,4,152,0.09166497,8.576602,8.543784,8.776316,False,True,0,0,0,0,0,0,0,0,0
5650,565.0091,217,996,0,1827,1188,639,2,120,0.05474033,7.935743,7.904109,8.166667,False,True,0,0,0,0,0,0,0,0,0
5700,570.0079,157,925,0,1303,867,436,1,96,0.02133077,7.343784,7.335344,7.416667,False,True,0,0,0,0,0,0,0,0,0
5750,575.0067,133,851,0,1007,752,255,1,69,0.02956416,6.86134,6.826087,7.26087,False,True,0,0,0,0,0,0,0,0,0
5800,580.0054,97,779,0,567,423,144,0,56,0.01715756,5.902439,5.860304,6.446429,False,True,0,0,0,0,0,0,0,0,0
5850,585.0042,85,700,0,488,459,29,0,32,0.01403461,5.444286,5.431138,5.71875,False,True,0,0,0,0,0,0,0,0,0
5900,590.003,75,643,0,326,229,97,1,25,0.02087567,5.11353,5.110033,5.2,False,True,0,0,0,0,0,0,0,0,0
5950,595.0018,65,564,0,312,278,34,0,20,0.02865017,4.301418,4.299633,4.35,False,True,0,0,0,0,0,0,0,0,0
6000,600.0005,58,505,0,289,236,53,0,15,0.02873374,3.79406,3.797959,3.666667,False,True,0,0,0,0,0,0,0,0,0
6050,604.9993,51,480,0,218,180,38,1,15,0.03406138,3.841667,3.791398,5.4,False,True,0,0,0,0,0,0,0,0,0
6100,609.9981,42,430,0,145,121,24,0,10,0.0563344,3.423256,3.447619,2.4,False,True,0,0,0,0,0,0,0,0,0
6150,614.9969,40,393,0,105,84,21,0,4,0.06790276,3.091603,3.087404,3.5,False,True,0,0,0,0,0,0,0,0,0
6200,619.9957,45,357,0,102,93,9,0,4,0.08260856,2.773109,2.773371,2.75,False,True,0,0,0,0,0,0,0,0,0
6250,624.9944,38,324,0,105,96,9,0,8,0.07215694,2.45679,2.458861,2.375,False,True,0,0,0,0,0,0,0,0,0
6300,629.9932,29,298,0,86,37,49,0,8,0.06655477,2.496644,2.475862,3.25,False,True,0,0,0,0,0,0,0,0,0
6350,634.992,30,267,0,64,55,9,0,5,0.06014302,2.052434,2.049618,2.2,False,True,0,0,0,0,0,0,0,0,0
6400,639.9908,30,234,0,43,24,19,0,5,0.0427906,1.863248,1.89083,0.6,False,True,0,0,0,0,0,0,0,0,0
6450,644.9896,33,210,0,17,17,0,0,1,0.06639472,1.733333,1.732057,2,False,True,0,0,0,0,0,0,0,0,0
6500,649.9883,39,190,0,40,23,17,0,2,0.06815824,1.463158,1.43617,4,False,True,0,0,0,0,0,0,0,0,0
6550,654.9871,43,171,0,23,20,3,0,2,0.09837557,1.380117,1.384615,1,False,True,0,0,0,0,0,0,0,0,0
6600,659.9859,44,158,0,97,77,20,0,3,0.09711763,1.164557,1.16129,1.333333,False,True,0,0,0,0,0,0,0,0,0
6650,664.9847,48,144,0,60,52,8,0,1,0.04936678,1.194444,1.181818,3,False,True,0,0,0,0,0,0,0,0,0
6700,669.9835,51,130,0,50,49,1,0,3,0.04511457,1.076923,1.062992,1.666667,False,True,0,0,0,0,0,0,0,0,0
6750,674.9822,61,121,0,81,56,25,0,2,0.04825806,0.9090909,0.8907563,2,False,True,0,0,0,0,0,0,0,0,0
6800,679.981,69,111,0,39,11,28,0,2,0.04350804,0.8468468,0.8623853,0,False,True,0,0,0,0,0,0,0,0,0
6850,684.9798,78,99,0,142,57,85,0,4,0.05385669,1.050505,1.031579,1.5,False,True,0,0,0,0,0,0,0,0,0
6900,689.9786,85,91,0,84,76,8,0,1,0.01761368,0.6813187,0.6888889,0,False,True,0,0,0,0,0,0,0,0,0
6950,694.9774,94,84,0,0,0,0,0,0,0.04465787,0.7619048,0.7619048,NaN,False,True,0,0,0,0,0,0,0,0,0
7000,699.9761,102,72,0,62,29,33,0,2,0.05317535,0.6388889,0.6428571,0.5,False,True,0,0,0,0,0,0,0,0,0
7050,704.9749,128,64,0,49,10,39,0,3,0.05359115,0.5625,0.5737705,0.3333333,False,True,0,0,0,0,0,0,0,0,0
7100,709.9737,143,57,0,16,16,0,0,2,0.08014779,0.4561403,0.4181818,1.5,False,True,0,0,0,0,0,0,0,0,0
7150,714.9725,161,54,0,72,72,0,0,1,0.1101327,0.6296296,0.5849057,3,False,True,0,0,0,0,0,0,0,0,0
7200,719.9713,185,54,0,74,33,41,0,3,0.1120978,0.7037037,0.7450981,0,False,True,0,0,0,0,0,0,0,0,0
7250,724.97,216,52,0,116,49,67,0,3,0.07922275,0.3076923,0.3265306,0,False,True,0,0,0,0,0,0,0,0,0
7300,729.9688,241,51,0,155,97,58,0,5,0.04002196,0.3137255,0.3043478,0.4,False,True,0,0,0,0,0,0,0,0,0
7350,734.9676,271,50,0,158,37,121,0,8,0.1163127,0.32,0.2857143,0.5,False,True,0,0,0,0,0,0,0,0,0
7400,739.9664,307,46,0,153,48,105,0,7,0.1178433,0.3478261,0.3589744,0.2857143,False,True,0,0,0,0,0,0,0,0,0
7450,744.9651,376,44,0,62,26,36,0,6,0.141468,0.2272727,0.2105263,0.3333333,False,True,0,0,0,0,0,0,0,0,0
7500,749.9639,424,46,0,488,243,245,0,9,0.1214058,0.6086956,0.4054054,1.444444,False,True,0,0,0,0,0,0,0,0,0
7550,754.9627,475,45,0,327,151,176,0,7,0.1148684,0.4,0.3421053,0.7142857,False,True,0,0,0,0,0,0,0,0,0
7600,759.9615,521,46,0,288,178,110,0,9,0.06240771,0.3478261,0.3243243,0.4444444,False,True,0,0,0,0,0,0,0,0,0
7650,764.9603,579,43,0,405,85,320,0,12,0.1201377,0.2790698,0.2580645,0.3333333,False,True,0,0,0,0,0,0,0,0,0
7700,769.959,657,37,0,272,145,127,0,7,0.009208316,0.4324324,0.4,0.5714286,False,True,0,0,0,0,0,0,0,0,0
7750,774.9578,743,34,0,324,77,247,0,10,0.02869625,0.2352941,0.125,0.5,False,True,0,0,0,0,0,0,0,0,0
7800,779.9566,839,38,0,404,141,263,1,10,0.1593547,0.2631579,0.3214286,0.1,False,True,0,0,0,0,0,0,0,0,0
7850,784.9554,962,40,0,386,99,287,0,10,0.1016534,0.2,0.2,0.2,False,True,0,0,0,0,0,0,0,0,0
7900,789.9542,1090,37,0,269,92,177,0,10,0.07882827,0.2162162,0.1851852,0.3,False,True,0,0,0,0,0,0,0,0,0
7950,794.9529,1220,33,0,266,171,95,0,6,0.1225969,0.4848485,0.4814815,0.5,False,True,0,0,0,0,0,0,0,0,0
8000,799.9517,1379,32,0,277,117,160,0,7,0.154401,0.375,0.28,0.7142857,False,True,0,0,0,0,0,0,0,0,0
8050,804.9505,1537,36,0,444,226,218,0,9,0.1293743,0.4444444,0.5185185,0.2222222,False,True,0,0,0,0,0,0,0,0,0
8100,809.9493,1703,45,0,806,411,395,1,16,0.07204791,0.4444444,0.4827586,0.375,False,True,0,0,0,0,0,0,0,0,0
8150,814.9481,1881,46,0,747,273,474,0,17,0.07901811,0.3043478,0.2068966,0.4705882,False,True,0,0,0,0,0,0,0,0,0
8200,819.9468,2066,49,0,711,178,533,0,19,0.07389743,0.5714286,0.4666667,0.7368421,False,True,0,0,0,0,0,0,0,0,0
8250,824.9456,2291,55,0,1017,509,508,0,19,0.06579851,0.5090909,0.5277778,0.4736842,False,True,0,0,0,0,0,0,0,0,0
8300,829.9444,2479,66,0,1452,476,976,1,31,0.1331445,0.8030303,0.8857143,0.7096774,False,True,0,0,0,0,0,0,0,0,0
8350,834.9432,2726,71,0,1376,714,662,1,28,0.09582663,0.7605634,0.744186,0.7857143,False,True,0,0,0,0,0,0,0,0,0
8400,839.942,2947,84,0,2489,682,1807,1,48,0.1688446,1.095238,0.8333333,1.291667,False,True,0,0,0,0,0,0,0,0,0
8450,844.9407,3166,99,0,3125,993,2132,2,54,0.1922638,0.949495,0.9555556,0.9444444,False,True,0,0,0,0,0,0,0,0,0
8500,849.9395,3387,111,0,3477,902,2575,2,66,0.1000763,1.027027,1,1.045455,False,True,0,0,0,0,0,0,0,0,0
8550,854.9383,3598,123,0,4146,1430,2716,4,69,0.1554934,1.300813,1.222222,1.362319,False,True,0,0,0,0,0,0,0,0,0
8600,859.9371,3795,154,0,5589,1524,4065,3,90,0.1845926,1.363636,1.25,1.444444,False,True,0,0,0,0,0,0,0,0,0
8650,864.9359,4019,167,0,6251,1499,4752,3,103,0.1646256,1.766467,1.53125,1.912621,False,True,0,0,0,0,0,0,0,0,0
8700,869.9346,4140,198,0,7239,1964,5275,2,122,0.1476245,1.994949,1.684211,2.188524,False,True,0,0,0,0,0,0,0,0,0
8750,874.9334,4305,204,0,7185,2020,5165,3,128,0.09941018,1.818627,1.828947,1.8125,False,True,0,0,0,0,0,0,0,0,0
8800,879.9322,4410,241,0,8526,2474,6052,1,150,0.1113694,1.941909,1.824176,2.013333,False,True,0,0,0,0,0,0,0,0,0
8850,884.931,4537,272,0,10100,2606,7494,1,175,0.1394689,2.268382,1.948454,2.445714,False,True,0,0,0,0,0,0,0,0,0
8900,889.9297,4597,310,0,11482,2773,8709,2,203,0.1134484,2.709677,2.859813,2.630542,False,True,0,0,0,0,0,0,0,0,0
8950,894.9285,4649,352,0,12808,4516,8292,7,192,0.1364746,2.974432,3.225,2.765625,False,True,0,0,0,0,0,0,0,0,0
9000,899.9273,4597,419,0,15663,5060,10603,7,256,0.116371,3.632458,3.687117,3.597656,False,True,0,0,0,0,0,0,0,0,0
9050,904.9261,4548,478,0,17787,5078,12709,12,305,0.1326993,4.112971,4.300578,4.006557,False,True,0,0,0,0,0,0,0,0,0
9100,909.9249,4474,539,0,19511,5621,13890,5,354,0.1303078,4.116883,4.086486,4.132768,False,True,0,0,0,0,0,0,0,0,0
9150,914.9236,4321,649,0,22797,5980,16817,9,431,0.1075444,5.292758,5.275229,5.301624,False,True,0,0,0,0,0,0,0,0,0
9200,919.9224,4140,725,0,24462,7567,16895,14,442,0.09892247,6.057931,5.90106,6.158371,False,True,0,0,0,0,0,0,0,0,0
9250,924.9212,3806,834,0,27468,8294,19174,14,497,0.1068898,6.752997,6.356083,7.022133,False,True,0,0,0,0,0,0,0,0,0
9300,929.92,3456,936,0,27386,8663,18723,16,539,0.1123602,7.590812,7,8.025974,False,True,0,0,0,0,0,0,0,0,0
9350,934.9188,3107,998,0,26463,7364,19099,9,603,0.1283836,8.156313,7.855696,8.353234,False,True,0,0,0,0,0,0,0,0,0
9400,939.9175,2775,1068,0,25031,7860,17171,11,595,0.1209289,8.784644,8.36575,9.117647,False,True,0,0,0,0,0,0,0,0,0
9450,944.9163,2447,1145,0,24369,8277,16092,12,592,0.1100049,9.420087,8.820976,9.97973,False,True,0,0,0,0,0,0,0,0,0
9500,949.9151,2031,1210,0,21108,8099,13009,10,551,0.09516966,9.733058,9.265553,10.2922,False,True,0,0,0,0,0,0,0,0,0
9550,954.9139,1636,1286,0,19057,8019,11038,11,551,0.08927857,10.53344,10.04354,11.18693,False,True,0,0,0,0,0,0,0,0,0
9600,959.9127,1282,1313,0,14640,6373,8267,13,495,0.08056344,10.63823,10.24572,11.28687,False,True,0,0,0,0,0,0,0,0,0
9650,964.9114,978,1343,0,11958,5554,6404,11,439,0.0960915,10.67461,10.39491,11.25057,False,True,0,0,0,0,0,0,0,0,0
9700,969.9102,733,1304,0,7688,3892,3796,5,337,0.09328398,10.45936,10.45088,10.48368,False,True,0,0,0,0,0,0,0,0,0
9750,974.909,531,1287,0,6324,3688,2636,6,291,0.09229021,10.13908,9.944779,10.80412,False,True,0,0,0,0,0,0,0,0,0
9800,979.9078,368,1239,0,3773,2363,1410,2,233,0.07987086,9.845037,9.850895,9.819742,False,True,0,0,0,0,0,0,0,0,0
9850,984.9066,255,1175,0,2317,1522,795,1,172,0.07744868,9.253617,9.227318,9.406977,False,True,0,0,0,0,0,0,0,0,0
9900,989.9053,179,1095,0,1794,1323,471,3,113,0.08183818,8.583562,8.545825,8.911505,False,True,0,0,0,0,0,0,0,0,0
9950,994.9041,132,1003,0,1061,821,240,1,71,0.07925117,7.810568,7.758584,8.492958,False,True,0,0,0,0,0,0,0,0,0
10000,999.9029,93,921,0,605,528,77,0,48,0.07801027,7.133551,7.114548,7.479167,False,True,0,0,0,0,0,0,0,0,0
10050,1004.902,72,839,0,484,433,51,1,33,0.08529048,6.736591,6.754343,6.30303,False,True,0,0,0,0,0,0,0,0,0
10100,1009.9,56,768,0,320,267,53,1,18,0.064632,6.001302,6.013333,5.5,False,True,0,0,0,0,0,0,0,0,0
10150,1014.899,49,701,0,275,252,23,0,17,0.07894938,5.537803,5.548245,5.117647,False,True,0,0,0,0,0,0,0,0,0
10200,1019.898,36,651,0,169,144,25,0,22,0.08222196,4.918587,4.903021,5.363636,False,True,0,0,0,0,0,0,0,0,0
10250,1024.897,32,590,0,100,95,5,0,14,0.05877057,4.420339,4.435764,3.785714,False,True,0,0,0,0,0,0,0,0,0
10300,1029.896,32,533,0,168,152,16,0,9,0.06090475,4.086304,4.072519,4.888889,False,True,0,0,0,0,0,0,0,0,0
10350,1034.894,28,482,0,81,61,20,0,6,0.09179892,3.701245,3.69958,3.833333,False,True,0,0,0,0,0,0,0,0,0
10400,1039.893,27,440,0,59,40,19,1,2,0.04952247,3.225,3.226027,3,False,True,0,0,0,0,0,0,0,0,0
10450,1044.892,23,404,0,79,68,11,0,6,0.07933338,3.014852,3.01005,3.333333,False,True,0,0,0,0,0,0,0,0,0
10500,1049.891,21,370,0,43,27,16,0,5,0.07093898,2.805405,2.808219,2.6,False,True,0,0,0,0,0,0,0,0,0
10550,1054.89,24,341,0,49,44,5,0,1,0.05455416,2.709677,2.705882,4,False,True,0,0,0,0,0,0,0,0,0
10600,1059.888,25,310,0,22,22,0,0,3,0.03976719,2.587097,2.583062,3,False,True,0,0,0,0,0,0,0,0,0
10650,1064.887,29,280,0,77,65,12,0,2,0.04232216,1.935714,1.942446,1,False,True,0,0,0,0,0,0,0,0,0
10700,1069.886,35,255,0,73,73,0,0,0,0.08013299,1.956863,1.956863,NaN,False,True,0,0,0,0,0,0,0,0,0
10750,1074.885,35,223,0,85,58,27,0,5,0.0861402,1.766816,1.752294,2.4,False,True,0,0,0,0,0,0,0,0,0
10800,1079.883,37,202,0,59,39,20,0,5,0.03738195,1.584158,1.593909,1.2,False,True,0,0,0,0,0,0,0,0,0
10850,1084.882,36,181,0,61,32,29,0,4,0.05384865,1.314917,1.305085,1.75,False,True,0,0,0,0,0,0,0,0,0
10900,1089.881,35,171,0,27,26,1,0,4,0.01694131,1.415205,1.407186,1.75,False,True,0,0,0,0,0,0,0,0,0
10950,1094.88,36,162,0,48,42,6,0,6,0.02322817,1.259259,1.211538,2.5,False,True,0,0,0,0,0,0,0,0,0
11000,1099.879,38,151,0,28,26,2,0,3,0.0447682,1.178808,1.189189,0.6666667,False,True,0,0,0,0,0,0,0,0,0
11050,1104.877,42,138,0,29,26,3,0,2,0.07128723,1.115942,1.095588,2.5,False,True,0,0,0,0,0,0,0,0,0
11100,1109.876,46,127,0,27,25,2,0,2,0.04381992,0.8818898,0.88,1,False,True,0,0,0,0,0,0,0,0,0
11150,1114.875,55,109,0,8,8,0,0,1,0.01959333,1.009174,1.018519,0,False,True,0,0,0,0,0,0,0,0,0
11200,1119.874,61,100,0,65,33,32,0,3,0.01963163,0.82,0.8350515,0.3333333,False,True,0,0,0,0,0,0,0,0,0
11250,1124.872,63,88,0,52,16,36,0,3,0.06358434,0.6590909,0.6352941,1.333333,False,True,0,0,0,0,0,0,0,0,0
11300,1129.871,66,76,0,71,40,31,0,3,0.01305984,0.3157895,0.3150685,0.3333333,False,True,0,0,0,0,0,0,0,0,0
11350,1134.87,73,73,0,56,26,30,1,2,0.1325088,0.5890411,0.5774648,1,False,True,0,0,0,0,0,0,0,0,0
11400,1139.869,83,69,0,39,18,21,0,4,0.04806802,0.6376812,0.6153846,1,False,True,0,0,0,0,0,0,0,0,0
11450,1144.868,91,64,0,60,45,15,0,4,0.0865227,0.40625,0.3666667,1,False,True,0,0,0,0,0,0,0,0,0
11500,1149.866,103,62,0,49,24,25,0,4,0.1289583,0.4516129,0.4310345,0.75,False,True,0,0,0,0,0,0,0,0,0
11550,1154.865,111,62,0,75,21,54,0,8,0.1540537,0.516129,0.5185185,0.5,False,True,0,0,0,0,0,0,0,0,0
11600,1159.864,131,53,0,71,20,51,0,4,0.2142544,0.5660377,0.5918368,0.25,False,True,0,0,0,0,0,0,0,0,0
11650,1164.863,146,49,0,144,70,74,0,4,0.1149776,0.2857143,0.2,1.25,False,True,0,0,0,0,0,0,0,0,0
11700,1169.861,168,48,0,24,24,0,0,5,0.06357903,0.375,0.4186046,0,False,True,0,0,0,0,0,0,0,0,0
11750,1174.86,186,46,0,70,3,67,0,3,0.03513543,0.4782609,0.4651163,0.6666667,False,True,0,0,0,0,0,0,0,0,0
11800,1179.859,209,43,0,162,43,119,0,5,0.1067807,0.4651163,0.4473684,0.6,False,True,0,0,0,0,0,0,0,0,0
11850,1184.858,241,42,0,118,44,74,0,5,0.09512323,0.3809524,0.3513514,0.6,False,True,0,0,0,0,0,0,0,0,0
11900,1189.857,266,35,0,95,72,23,0,2,0.177139,0.1142857,0.1212121,0,False,True,0,0,0,0,0,0,0,0,0
11950,1194.855,297,33,0,152,78,74,0,2,0.2028193,0.5454546,0.483871,1.5,False,True,0,0,0,0,0,0,0,0,0
12000,1199.854,344,28,0,49,12,37,0,5,0.3186974,0.4285714,0.2608696,1.2,False,True,0,0,0,0,0,0,0,0,0
12050,1204.853,386,27,0,50,37,13,0,3,0.1368854,0.3703704,0.4166667,0,False,True,0,0,0,0,0,0,0,0,0
12100,1209.852,441,25,0,61,61,0,0,2,0.1729704,0.32,0.3478261,0,False,True,0,0,0,0,0,0,0,0,0
12150,1214.85,521,25,0,37,12,25,0,3,0.02135026,0.16,0.1818182,0,False,True,0,0,0,0,0,0,0,0,0
12200,1219.849,575,24,0,92,31,61,0,6,0.06886439,0.25,0.1666667,0.5,False,True,0,0,0,0,0,0,0,0,0
12250,1224.848,665,24,0,171,77,94,0,5,0.02174851,0,0,0,False,True,0,0,0,0,0,0,0,0,0
12300,1229.847,749,25,0,183,77,106,0,6,0.1369928,0.16,0.05263158,0.5,False,True,0,0,0,0,0,0,0,0,0
12350,1234.846,855,24,0,107,14,93,0,6,0.06689933,0.25,0.1666667,0.5,False,True,0,0,0,0,0,0,0,0,0
12400,1239.844,963,25,0,225,141,84,0,5,0.139174,0.08,0.05,0.2,False,True,0,0,0,0,0,0,0,0,0
12450,1244.843,1092,28,0,528,124,404,0,10,0.1950898,0.3571429,0.2777778,0.5,False,True,0,0,0,0,0,0,0,0,0
12500,1249.842,1260,29,0,393,184,209,1,10,0.2225907,0.137931,0.1578947,0.1,False,True,0,0,0,0,0,0,0,0,0
12550,1254.841,1424,28,0,444,45,399,0,14,0.1679308,0.3571429,0,0.7142857,False,True,0,0,0,0,0,0,0,0,0
12600,1259.839,1625,28,0,146,56,90,0,9,0.2398924,0.1428571,0.05263158,0.3333333,False,True,0,0,0,0,0,0,0,0,0
12650,1264.838,1790,25,0,103,24,79,0,3,0.2483026,0.24,0.2727273,0,False,True,0,0,0,0,0,0,0,0,0
12700,1269.837,2007,21,0,202,75,127,0,4,0.2759475,0.1904762,0.2352941,0,False,True,0,0,0,0,0,0,0,0,0
12750,1274.836,2212,28,0,634,432,202,0,8,0.2221334,0.5,0.4,0.75,False,True,0,0,0,0,0,0,0,0,0
12800,1279.835,2440,30,0,713,249,464,1,15,0.261506,0.2666667,0.2666667,0.2666667,False,True,0,0,0,0,0,0,0,0,0
12850,1284.833,2664,38,0,953,346,607,2,17,0.4007148,0.4736842,0.2857143,0.7058824,False,True,0,0,0,0,0,0,0,0,0
12900,1289.832,2925,38,0,987,320,667,2,22,0.2379173,0.5526316,0.375,0.6818182,False,True,0,0,0,0,0,0,0,0,0
12950,1294.831,3167,52,0,1782,514,1268,2,31,0.2643332,0.6538461,0.6666667,0.6451613,False,True,0,0,0,0,0,0,0,0,0
13000,1299.83,3421,62,0,2038,535,1503,1,39,0.2359312,0.7903226,0.5217391,0.948718,False,True,0,0,0,0,0,0,0,0,0
13050,1304.828,3687,72,0,2372,498,1874,1,44,0.3142688,0.8055556,0.75,0.8409091,False,True,0,0,0,0,0,0,0,0,0
13100,1309.827,3930,69,0,1664,411,1253,0,37,0.2362822,0.5507246,0.6875,0.4324324,False,True,0,0,0,0,0,0,0,0,0
13150,1314.826,4202,72,0,2076,851,1225,1,34,0.2889244,0.6944444,0.6315789,0.7647059,False,True,0,0,0,0,0,0,0,0,0
13200,1319.825,4441,77,0,2888,697,2191,2,51,0.260992,0.7532467,0.8076923,0.7254902,False,True,0,0,0,0,0,0,0,0,0
13250,1324.824,4664,84,0,3426,1011,2415,0,53,0.2218006,0.8095238,0.7096774,0.8679245,False,True,0,0,0,0,0,0,0,0,0
13300,1329.822,4875,91,0,3806,1232,2574,2,60,0.188908,0.8791209,1.129032,0.75,False,True,0,0,0,0,0,0,0,0,0
13350,1334.821,5092,111,0,4901,1658,3243,3,72,0.104772,1.378378,1.307692,1.416667,False,True,0,0,0,0,0,0,0,0,0
13400,1339.82,5268,131,0,5124,1346,3778,3,90,0.1330344,1.580153,1.585366,1.577778,False,True,0,0,0,0,0,0,0,0,0
13450,1344.819,5402,157,0,6931,1675,5256,2,107,0.2051095,1.579618,1.54,1.598131,False,True,0,0,0,0,0,0,0,0,0
13500,1349.818,5553,160,0,6906,2200,4706,3,108,0.1162835,1.58125,1.596154,1.574074,False,True,0,0,0,0,0,0,0,0,0
13550,1354.816,5609,198,0,8298,2202,6096,5,131,0.08693377,2.131313,2.343284,2.022901,False,True,0,0,0,0,0,0,0,0,0
13600,1359.815,5658,238,0,10734,2149,8585,2,168,0.145704,2.029412,2.242857,1.940476,False,True,0,0,0,0,0,0,0,0,0
13650,1364.814,5706,266,0,12178,3005,9173,4,190,0.1569072,2.616541,3.026316,2.452631,False,True,0,0,0,0,0,0,0,0,0
13700,1369.813,5710,313,0,14377,3696,10681,3,226,0.1381665,2.648562,2.781609,2.597345,False,True,0,0,0,0,0,0,0,0,0
13750,1374.811,5664,365,0,16502,4125,12377,4,250,0.1040502,3.317808,3.365217,3.296,False,True,0,0,0,0,0,0,0,0,0
13800,1379.81,5588,420,0,19063,4264,14799,6,296,0.1556367,3.371428,3.201613,3.442568,False,True,0,0,0,0,0,0,0,0,0
13850,1384.809,5452,488,0,21920,6156,15764,7,332,0.1589035,4.168033,3.871795,4.307229,False,True,0,0,0,0,0,0,0,0,0
13900,1389.808,5243,580,0,25182,6134,19048,9,415,0.1444847,4.660345,4.418182,4.756627,False,True,0,0,0,0,0,0,0,0,0
13950,1394.807,5051,641,0,26038,6604,19434,5,440,0.1637359,5.034321,5.238806,4.940909,False,True,0,0,0,0,0,0,0,0,0
14000,1399.805,4773,744,0,28541,6714,21827,13,515,0.1484953,6.096774,5.956332,6.159223,False,True,0,0,0,0,0,0,0,0,0
14050,1404.804,4431,846,0,30544,8352,22192,11,541,0.1514527,6.817967,6.839344,6.805915,False,True,0,0,0,0,0,0,0,0,0
14100,1409.803,4043,967,0,30898,9875,21023,20,576,0.1439602,7.684591,7.695652,7.677083,False,True,0,0,0,0,0,0,0,0,0
14150,1414.802,3633,1081,0,32764,10515,22249,12,625,0.152644,8.690102,8.554825,8.7888,False,True,0,0,0,0,0,0,0,0,0
14200,1419.8,3089,1233,0,32515,10299,22216,19,709,0.1387767,9.773723,9.374045,10.06911,False,True,0,0,0,0,0,0,0,0,0
14250,1424.799,2560,1344,0,29069,9608,19461,23,736,0.1523872,10.82887,10.44572,11.14538,False,True,0,0,0,0,0,0,0,0,0
14300,1429.798,2070,1381,0,24113,9383,14730,17,694,0.1420731,11.34106,11.02329,11.65562,False,True,0,0,0,0,0,0,0,0,0
14350,1434.797,1612,1448,0,19300,8462,10838,18,634,0.1316993,11.5808,11.30344,11.93691,False,True,0,0,0,0,0,0,0,0,0
14400,1439.796,1228,1499,0,15878,8155,7723,15,524,0.131446,12.34356,11.80513,13.34542,False,True,0,0,0,0,0,0,0,0,0
14450,1444.794,836,1517,0,10526,5780,4746,10,457,0.1341284,12.34212,12.19717,12.67834,False,True,0,0,0,0,0,0,0,0,0
14500,1449.793,576,1482,0,7126,4164,2962,10,366,0.1430949,11.70783,11.69534,11.7459,False,True,0,0,0,0,0,0,0,0,0
14550,1454.792,361,1398,0,4312,2852,1460,4,279,0.1416541,11.13805,11.07685,11.38351,False,True,0,0,0,0,0,0,0,0,0
14600,1459.791,205,1324,0,2480,1803,677,1,209,0.1325896,10.77341,10.79193,10.67464,False,True,0,0,0,0,0,0,0,0,0
14650,1464.789,124,1222,0,1347,1019,328,2,131,0.1123905,9.654664,9.622365,9.923664,False,True,0,0,0,0,0,0,0,0,0
14700,1469.788,86,1115,0,823,700,123,3,68,0.08934975,8.880717,8.893027,8.691176,False,True,0,0,0,0,0,0,0,0,0
14750,1474.787,63,1042,0,431,391,40,0,41,0.09409472,8.081573,8.108891,7.414634,False,True,0,0,0,0,0,0,0,0,0
14800,1479.786,53,956,0,377,340,37,1,28,0.1014684,7.421548,7.426724,7.25,False,True,0,0,0,0,0,0,0,0,0
14850,1484.785,40,888,0,278,263,15,0,23,0.08509071,6.877252,6.90289,5.913043,False,True,0,0,0,0,0,0,0,0,0
14900,1489.783,35,816,0,184,181,3,0,15,0.06463627,6.57598,6.583021,6.2,False,True,0,0,0,0,0,0,0,0,0
14950,1494.782,31,740,0,171,159,12,1,11,0.0685696,5.9,5.908093,5.363636,False,True,0,0,0,0,0,0,0,0,0
15000,1499.781,23,671,0,125,114,11,0,11,0.07866168,5.302534,5.30303,5.272727,False,True,0,0,0,0,0,0,0,0,0
15050,1504.78,23,607,0,127,127,0,0,8,0.07872104,4.846787,4.843072,5.125,False,True,0,0,0,0,0,0,0,0,0
15100,1509.778,20,555,0,99,87,12,0,9,0.0573109,4.293694,4.29304,4.333333,False,True,0,0,0,0,0,0,0,0,0
15150,1514.777,18,501,0,64,64,0,0,4,0.05618144,3.728543,3.72837,3.75,False,True,0,0,0,0,0,0,0,0,0
15200,1519.776,12,459,0,56,56,0,0,4,0.0794029,3.381264,3.382418,3.25,False,True,0,0,0,0,0,0,0,0,0
15250,1524.775,13,410,0,20,20,0,0,2,0.05809809,3.243902,3.247549,2.5,False,True,0,0,0,0,0,0,0,0,0
15300,1529.774,12,379,0,36,36,0,0,2,0.06151235,3.034301,3.039788,2,False,True,0,0,0,0,0,0,0,0,0
15350,1534.772,8,346,0,31,28,3,0,3,0.06142303,2.682081,2.676385,3.333333,False,True,0,0,0,0,0,0,0,0,0
15400,1539.771,9,311,0,15,11,4,0,1,0.01191965,2.234727,2.232258,3,False,True,0,0,0,0,0,0,0,0,0
15450,1544.77,10,284,0,33,21,12,0,2,0.04495701,2.253521,2.251773,2.5,False,True,0,0,0,0,0,0,0,0,0
15500,1549.769,9,262,0,21,21,0,0,1,0.05091067,2.038168,2.038314,2,False,True,0,0,0,0,0,0,0,0,0
15550,1554.767,8,248,0,15,12,3,0,1,0.06600297,1.971774,1.975708,1,False,True,0,0,0,0,0,0,0,0,0
15600,1559.766,7,220,0,11,11,0,0,2,0.06222613,1.654545,1.651376,2,False,True,0,0,0,0,0,0,0,0,0
15650,1564.765,9,196,0,12,12,0,0,1,0.05717549,1.44898,1.446154,2,False,True,0,0,0,0,0,0,0,0,0
15700,1569.764,8,169,0,17,12,5,0,1,0.04239509,1.360947,1.363095,1,False,True,0,0,0,0,0,0,0,0,0
15750,1574.763,8,156,0,7,7,0,0,0,0.09839899,1.474359,1.474359,NaN,False,True,0,0,0,0,0,0,0,0,0
15800,1579.761,10,141,0,5,5,0,0,0,0.1411086,1.021277,1.021277,NaN,False,True,0,0,0,0,0,0,0,0,0
15850,1584.76,13,119,0,26,23,3,0,1,0.1722454,1.02521,1.008475,3,False,True,0,0,0,0,0,0,0,0,0
15900,1589.759,15,106,0,15,15,0,0,1,0.1974199,0.8301887,0.8285714,1,False,True,0,0,0,0,0,0,0,0,0
15950,1594.758,19,94,0,15,15,0,0,0,0.1819838,0.6595744,0.6595744,NaN,False,True,0,0,0,0,0,0,0,0,0
16000,1599.756,21,86,0,21,21,0,0,0,0.2325161,0.6744186,0.6744186,NaN,False,True,0,0,0,0,0,0,0,0,0
16050,1604.755,20,79,0,32,10,22,0,3,0.1768627,0.5822785,0.5394737,1.666667,False,True,0,0,0,0,0,0,0,0,0
16100,1609.754,22,74,0,43,34,9,0,1,0.2249227,0.4864865,0.479452,1,False,True,0,0,0,0,0,0,0,0,0
16150,1614.753,22,67,0,12,12,0,0,0,0.1894887,0.3880597,0.3880597,NaN,False,True,0,0,0,0,0,0,0,0,0
16200,1619.752,24,61,0,0,0,0,0,0,0.1845753,0.4590164,0.4590164,NaN,False,True,0,0,0,0,0,0,0,0,0
16250,1624.75,27,56,0,26,14,12,0,1,0.0729584,0.6428571,0.6181818,2,False,True,0,0,0,0,0,0,0,0,0
16300,1629.749,29,53,0,8,7,1,0,2,0.02118159,0.3396226,0.3137255,1,False,True,0,0,0,0,0,0,0,0,0
16350,1634.748,31,48,0,2,2,0,0,2,0.06961355,0.375,0.3695652,0.5,False,True,0,0,0,0,0,0,0,0,0
16400,1639.747,34,45,0,31,27,4,0,2,0.02963912,0.3555556,0.3023256,1.5,False,True,0,0,0,0,0,0,0,0,0
16450,1644.745,33,41,0,21,21,0,0,3,0.2864777,0.3902439,0.3947369,0.3333333,False,True,0,0,0,0,0,0,0,0,0
16500,1649.744,41,37,0,37,20,17,0,1,0.2764147,0.4864865,0.4722222,1,False,True,0,0,0,0,0,0,0,0,0
16550,1654.743,51,35,0,3,3,0,0,1,0.2383917,0.4,0.4117647,0,False,True,0,0,0,0,0,0,0,0,0
16600,1659.742,58,32,0,6,0,6,0,2,0.2517179,0.1875,0.2,0,False,True,0,0,0,0,0,0,0,0,0
16650,1664.741,65,31,0,0,0,0,0,1,0.2134724,0.3225806,0.3333333,0,False,True,0,0,0,0,0,0,0,0,0
16700,1669.739,69,28,0,7,3,4,0,2,0.1490163,0.2142857,0.2307692,0,False,True,0,0,0,0,0,0,0,0,0
16750,1674.738,82,26,0,14,14,0,0,2,0.07921436,0.2307692,0.25,0,False,True,0,0,0,0,0,0,0,0,0
16800,1679.737,86,26,0,56,47,9,0,1,0.1296788,0.3076923,0.32,0,False,True,0,0,0,0,0,0,0,0,0
16850,1684.736,98,25,0,3,0,3,0,3,0.2538313,0.32,0.3636364,0,False,True,0,0,0,0,0,0,0,0,0
16900,1689.734,109,25,0,46,41,5,1,1,0.2531318,0.08,0.08333334,0,False,True,0,0,0,0,0,0,0,0,0
16950,1694.733,125,21,0,65,35,30,0,3,0.2659194,0.0952381,0.05555556,0.3333333,False,True,0,0,0,0,0,0,0,0,0
17000,1699.732,143,20,0,9,8,1,0,2,0.1183892,0.3,0.3333333,0,False,True,0,0,0,0,0,0,0,0,0
17050,1704.731,164,18,0,8,8,0,0,0,0.1700704,0.6666667,0.6666667,NaN,False,True,0,0,0,0,0,0,0,0,0
17100,1709.73,182,15,0,4,4,0,0,0,0.1896472,0.5333334,0.5333334,NaN,False,True,0,0,0,0,0,0,0,0,0
17150,1714.728,206,9,0,3,3,0,0,0,0.2387706,0,0,NaN,False,True,0,0,0,0,0,0,0,0,0
17200,1719.727,244,9,0,0,0,0,0,0,0.2363624,0,0,NaN,False,True,0,0,0,0,0,0,0,0,0
17250,1724.726,288,9,0,0,0,0,0,0,0.1441568,0,0,NaN,False,True,0,0,0,0,0,0,0,0,0
17300,1729.725,335,9,0,58,58,0,0,0,0.2394304,0,0,NaN,False,True,0,0,0,0,0,0,0,0,0
17350,1734.724,371,9,0,1,1,0,0,0,0.118253,0,0,NaN,False,True,0,0,0,0,0,0,0,0,0
17400,1739.722,426,10,0,148,18,130,1,2,0.2960191,0.4,0,2,False,True,0,0,0,0,0,0,0,0,0
17450,1744.721,507,10,0,43,43,0,0,1,0.2729197,0,0,0,False,True,0,0,0,0,0,0,0,0,0
17500,1749.72,565,9,0,79,0,79,0,3,0.3122609,0,0,0,False,True,0,0,0,0,0,0,0,0,0
17550,1754.719,654,9,0,101,71,30,0,3,0.1311411,0,0,0,False,True,0,0,0,0,0,0,0,0,0
17600,1759.717,743,9,0,70,12,58,0,3,0.3772177,0.2222222,0.1666667,0.3333333,False,True,0,0,0,0,0,0,0,0,0
17650,1764.716,850,10,0,32,6,26,0,4,0.3796028,0.2,0.1666667,0.25,False,True,0,0,0,0,0,0,0,0,0
17700,1769.715,970,10,0,120,83,37,0,3,0.385942,0,0,0,False,True,0,0,0,0,0,0,0,0,0
17750,1774.714,1113,9,0,52,24,28,0,2,0.2800437,0,0,0,False,True,0,0,0,0,0,0,0,0,0
17800,1779.713,1271,8,0,90,49,41,0,1,0.2111369,0.25,0.2857143,0,False,True,0,0,0,0,0,0,0,0,0
17850,1784.711,1440,10,0,75,15,60,0,4,0.1053362,0.2,0.1666667,0.25,False,True,0,0,0,0,0,0,0,0,0
17900,1789.71,1620,6,0,121,61,60,0,3,0.3406535,0.3333333,0.3333333,0.3333333,False,True,0,0,0,0,0,0,0,0,0
17950,1794.709,1835,6,0,136,0,136,0,3,0.1233483,0,0,0,False,True,0,0,0,0,0,0,0,0,0
18000,1799.708,2054,8,0,280,143,137,1,3,0.07889351,0.625,0.6,0.6666667,False,True,0,0,0,0,0,0,0,0,0
18050,1804.706,2294,11,0,356,65,291,0,6,0.2001542,0.1818182,0,0.3333333,False,True,0,0,0,0,0,0,0,0,0
18100,1809.705,2539,11,0,227,117,110,0,3,0.12592,0.3636364,0.25,0.6666667,False,True,0,0,0,0,0,0,0,0,0
18150,1814.704,2776,16,0,671,216,455,1,6,0.1643429,0.4375,0.3,0.6666667,False,True,0,0,0,0,0,0,0,0,0
18200,1819.703,3035,19,0,853,366,487,0,11,0.1810568,0.1052632,0.125,0.09090909,False,True,0,0,0,0,0,0,0,0,0
18250,1824.702,3289,22,0,770,243,527,0,12,0.08207591,0.2727273,0.2,0.3333333,False,True,0,0,0,0,0,0,0,0,0
18300,1829.7,3593,25,0,898,148,750,0,18,0.1680226,0.4,0.2857143,0.4444444,False,True,0,0,0,0,0,0,0,0,0
18350,1834.699,3872,29,0,1031,173,858,1,19,0.1555358,0.4137931,0.3,0.4736842,False,True,0,0,0,0,0,0,0,0,0
18400,1839.698,4149,32,0,1058,307,751,0,19,0.1243251,0.3125,0.3846154,0.2631579,False,True,0,0,0,0,0,0,0,0,0
18450,1844.697,4421,39,0,1377,537,840,0,20,0.08278546,0.6153846,0.5789474,0.65,False,True,0,0,0,0,0,0,0,0,0
18500,1849.695,4687,38,0,1048,421,627,1,22,0.2177993,0.4210526,0.375,0.4545455,False,True,0,0,0,0,0,0,0,0,0
18550,1854.694,4941,46,0,1589,475,1114,0,29,0.2490273,0.3478261,0.2941177,0.3793103,False,True,0,0,0,0,0,0,0,0,0
18600,1859.693,5181,53,0,2103,496,1607,2,36,0.1662044,0.754717,1,0.6388889,False,True,0,0,0,0,0,0,0,0,0
18650,1864.692,5416,61,0,2832,580,2252,0,45,0.1174878,0.5901639,0.75,0.5333334,False,True,0,0,0,0,0,0,0,0,0
18700,1869.691,5603,64,0,2847,545,2302,1,50,0.1241771,0.515625,0.7142857,0.46,False,True,0,0,0,0,0,0,0,0,0
18750,1874.689,5766,95,0,4564,1355,3209,5,65,0.2747966,1.136842,1.2,1.107692,False,True,0,0,0,0,0,0,0,0,0
18800,1879.688,5916,104,0,5370,875,4495,1,80,0.233658,1.346154,1.416667,1.325,False,True,0,0,0,0,0,0,0,0,0
18850,1884.687,6035,120,0,6758,1531,5227,2,88,0.1831756,1.35,1.375,1.340909,False,True,0,0,0,0,0,0,0,0,0
18900,1889.686,6115,154,0,8457,1911,6546,6,112,0.1280254,1.603896,1.357143,1.696429,False,True,0,0,0,0,0,0,0,0,0
18950,1894.684,6161,178,0,9892,2144,7748,2,130,0.1240278,1.719101,1.604167,1.761539,False,True,0,0,0,0,0,0,0,0,0
19000,1899.683,6212,210,0,11171,2396,8775,3,154,0.05646918,1.914286,1.767857,1.967533,False,True,0,0,0,0,0,0,0,0,0
19050,1904.682,6210,254,0,12158,3057,9101,5,176,0.1005148,2.358268,2.346154,2.363636,False,True,0,0,0,0,0,0,0,0,0
19100,1909.681,6171,293,0,13749,3150,10599,7,222,0.09558278,2.498293,2.422535,2.522522,False,True,0,0,0,0,0,0,0,0,0
19150,1914.68,6120,325,0,15122,4048,11074,5,222,0.1353058,2.867692,3.029126,2.792793,False,True,0,0,0,0,0,0,0,0,0
19200,1919.678,6012,374,0,17683,4407,13276,5,263,0.135329,3.179144,3.36036,3.102662,False,True,0,0,0,0,0,0,0,0,0
19250,1924.677,5945,413,0,19416,4737,14679,6,299,0.09083301,3.409201,3.666667,3.311037,False,True,0,0,0,0,0,0,0,0,0
19300,1929.676,5759,500,0,22184,5631,16553,10,361,0.08532015,4.154,4.381295,4.066482,False,True,0,0,0,0,0,0,0,0,0
19350,1934.675,5582,552,0,24941,6713,18228,9,387,0.09105325,4.360507,4.187879,4.434109,False,True,0,0,0,0,0,0,0,0,0
19400,1939.673,5313,641,0,26910,7867,19043,12,441,0.1150068,5.060843,5.34,4.93424,False,True,0,0,0,0,0,0,0,0,0
19450,1944.672,4961,760,0,30048,7891,22157,14,529,0.1130588,6.182895,6.17316,6.187146,False,True,0,0,0,0,0,0,0,0,0
19500,1949.671,4605,828,0,30453,9226,21227,13,531,0.1105399,6.971014,6.737374,7.101695,False,True,0,0,0,0,0,0,0,0,0
19550,1954.67,4229,949,0,32505,9345,23160,13,608,0.1439538,7.987355,8.079179,7.935855,False,True,0,0,0,0,0,0,0,0,0
19600,1959.669,3769,1076,0,33780,10512,23268,22,677,0.1194097,8.923792,9.010025,8.872969,False,True,0,0,0,0,0,0,0,0,0
19650,1964.667,3276,1201,0,31920,11158,20762,18,692,0.1226456,9.71607,9.569745,9.823699,False,True,0,0,0,0,0,0,0,0,0
19700,1969.666,2801,1294,0,31266,11220,20046,17,720,0.116071,10.37403,10.08014,10.60833,False,True,0,0,0,0,0,0,0,0,0
19750,1974.665,2287,1398,0,27542,10628,16914,16,705,0.1128449,11.46996,11.02886,11.90355,False,True,0,0,0,0,0,0,0,0,0
19800,1979.664,1787,1478,0,23105,9444,13661,9,697,0.1240412,12.03383,11.71447,12.39168,False,True,0,0,0,0,0,0,0,0,0
19850,1984.662,1350,1521,0,17319,7813,9506,7,618,0.1188829,12.28863,12.00775,12.69903,False,True,0,0,0,0,0,0,0,0,0
19900,1989.661,951,1538,0,12307,6325,5982,12,511,0.1145851,12.35826,12.35151,12.37182,False,True,0,0,0,0,0,0,0,0,0
19950,1994.66,655,1486,0,8515,4547,3968,8,404,0.103035,12.03903,11.86784,12.49753,False,True,0,0,0,0,0,0,0,0,0
20000,1999.659,441,1398,0,5496,3102,2394,5,316,0.1087228,11.20887,11.1183,11.51899,False,True,0,0,0,0,0,0,0,0,0
20050,2004.658,290,1321,0,3092,2014,1078,4,210,0.1065467,10.47843,10.39604,10.91429,False,True,0,0,0,0,0,0,0,0,0
20100,2009.656,208,1230,0,2202,1527,675,3,152,0.08310471,9.76504,9.686457,10.32237,False,True,0,0,0,0,0,0,0,0,0
20150,2014.655,137,1142,0,1361,1015,346,5,104,0.08822366,9.092819,9.05684,9.451923,False,True,0,0,0,0,0,0,0,0,0
20200,2019.654,88,1045,0,693,586,107,1,65,0.08963349,8.088995,8.022449,9.092308,False,True,0,0,0,0,0,0,0,0,0
20250,2024.653,60,960,0,420,355,65,1,44,0.06505763,7.304167,7.303493,7.318182,False,True,0,0,0,0,0,0,0,0,0
20300,2029.651,39,848,0,283,256,27,0,38,0.04320473,6.551887,6.548148,6.631579,False,True,0,0,0,0,0,0,0,0,0
20350,2034.65,28,776,0,176,172,4,0,21,0.03353956,5.984536,5.989404,5.809524,False,True,0,0,0,0,0,0,0,0,0
20400,2039.649,23,702,0,130,121,9,0,15,0.03934857,5.373219,5.381368,5,False,True,0,0,0,0,0,0,0,0,0
20450,2044.648,18,644,0,135,118,17,0,16,0.03462282,5.018633,5.028662,4.625,False,True,0,0,0,0,0,0,0,0,0
20500,2049.649,12,584,0,50,45,5,0,11,0.02848822,4.845891,4.851658,4.545455,False,True,0,0,0,0,0,0,0,0,0
20550,2054.654,10,544,0,43,43,0,0,6,0.02795858,4.352941,4.358736,3.833333,False,True,0,0,0,0,0,0,0,0,0
20600,2059.658,7,506,0,35,35,0,0,4,0.03439694,3.905138,3.906374,3.75,False,True,0,0,0,0,0,0,0,0,0
20650,2064.663,7,458,0,29,28,1,0,1,0.0451084,3.598253,3.599562,3,False,True,0,0,0,0,0,0,0,0,0
20700,2069.668,8,418,0,31,31,0,0,2,0.07651278,3.157895,3.161058,2.5,False,True,0,0,0,0,0,0,0,0,0
20750,2074.673,9,384,0,17,17,0,0,3,0.07589436,3.026042,3.034121,2,False,True,0,0,0,0,0,0,0,0,0
20800,2079.678,11,351,0,15,15,0,0,2,0.09703617,2.774929,2.773639,3,False,True,0,0,0,0,0,0,0,0,0
20850,2084.683,8,314,0,10,10,0,0,2,0.1198329,2.401274,2.384615,5,False,True,0,0,0,0,0,0,0,0,0
20900,2089.688,8,289,0,28,27,1,0,1,0.07395009,2.422145,2.423611,2,False,True,0,0,0,0,0,0,0,0,0
20950,2094.693,7,258,0,15,14,1,0,1,0.09326123,2.007752,1.992218,6,False,True,0,0,0,0,0,0,0,0,0
21000,2099.698,7,225,0,13,13,0,0,1,0.07692172,1.724444,1.71875,3,False,True,0,0,0,0,0,0,0,0,0
21050,2104.702,7,201,0,8,6,2,0,1,0.03014765,1.636816,1.64,1,False,True,0,0,0,0,0,0,0,0,0
21100,2109.707,10,174,0,15,15,0,0,0,0.04792167,1.195402,1.195402,NaN,False,True,0,0,0,0,0,0,0,0,0
21150,2114.712,10,158,0,29,29,0,0,1,0.07899623,1.031646,1.038217,0,False,True,0,0,0,0,0,0,0,0,0
21200,2119.717,9,144,0,15,12,3,0,1,0.1441279,0.9583333,0.965035,0,False,True,0,0,0,0,0,0,0,0,0
21250,2124.722,9,134,0,0,0,0,0,1,0.1506038,1.119403,1.12782,0,False,True,0,0,0,0,0,0,0,0,0
21300,2129.727,8,120,0,0,0,0,0,1,0.1966646,1.033333,1.042017,0,False,True,0,0,0,0,0,0,0,0,0
21350,2134.732,8,111,0,5,5,0,0,0,0.2428962,0.954955,0.954955,NaN,False,True,0,0,0,0,0,0,0,0,0
21400,2139.737,9,105,0,3,3,0,0,0,0.2723445,0.8380952,0.8380952,NaN,False,True,0,0,0,0,0,0,0,0,0
21450,2144.741,13,97,0,0,0,0,0,0,0.2178431,0.7628866,0.7628866,NaN,False,True,0,0,0,0,0,0,0,0,0
21500,2149.746,18,89,0,14,14,0,0,0,0.1985872,0.6067415,0.6067415,NaN,False,True,0,0,0,0,0,0,0,0,0
21550,2154.751,23,81,0,3,3,0,0,1,0.1874236,0.7407407,0.75,0,False,True,0,0,0,0,0,0,0,0,0
21600,2159.756,27,66,0,1,1,0,0,0,0.1591906,0.5757576,0.5757576,NaN,False,True,0,0,0,0,0,0,0,0,0
21650,2164.761,33,58,0,0,0,0,0,0,0.1834037,0.4827586,0.4827586,NaN,False,True,0,0,0,0,0,0,0,0,0
21700,2169.766,35,50,0,0,0,0,0,0,0.1546387,0.44,0.44,NaN,False,True,0,0,0,0,0,0,0,0,0
21750,2174.771,44,41,0,18,18,0,0,0,0.1246453,0.1951219,0.1951219,NaN,False,True,0,0,0,0,0,0,0,0,0
21800,2179.776,52,39,0,1,1,0,0,0,0.166605,0.3076923,0.3076923,NaN,False,True,0,0,0,0,0,0,0,0,0
21850,2184.781,57,35,0,11,11,0,0,1,0.2246231,0.2857143,0.2941177,0,False,True,0,0,0,0,0,0,0,0,0
21900,2189.785,61,34,0,39,12,27,0,3,0.1332226,0.3529412,0.2258064,1.666667,False,True,0,0,0,0,0,0,0,0,0
21950,2194.79,72,32,0,12,12,0,0,0,0.09996981,0.125,0.125,NaN,False,True,0,0,0,0,0,0,0,0,0
22000,2199.795,80,26,0,6,6,0,0,0,0.1061192,0.3076923,0.3076923,NaN,False,True,0,0,0,0,0,0,0,0,0
22050,2204.8,86,25,0,5,5,0,0,0,0.1566892,0.08,0.08,NaN,False,True,0,0,0,0,0,0,0,0,0
22100,2209.805,97,23,0,0,0,0,0,0,0.08279869,0,0,NaN,False,True,0,0,0,0,0,0,0,0,0
22150,2214.81,104,20,0,16,16,0,0,0,0.1202728,0.1,0.1,NaN,False,True,0,0,0,0,0,0,0,0,0
22200,2219.815,115,19,0,29,29,0,0,0,0.1559143,0.1052632,0.1052632,NaN,False,True,0,0,0,0,0,0,0,0,0
22250,2224.82,129,20,0,20,20,0,0,2,0.1106056,0.4,0.4444444,0,False,True,0,0,0,0,0,0,0,0,0
22300,2229.824,146,18,0,38,10,28,0,1,0.02703534,0,0,0,False,True,0,0,0,0,0,0,0,0,0
22350,2234.829,160,17,0,0,0,0,0,0,0.1384037,0.2352941,0.2352941,NaN,False,True,0,0,0,0,0,0,0,0,0
22400,2239.834,191,14,0,0,0,0,0,0,0.1725761,0,0,NaN,False,True,0,0,0,0,0,0,0,0,0
22450,2244.839,224,13,0,0,0,0,0,0,0.301687,0,0,NaN,False,True,0,0,0,0,0,0,0,0,0
22500,2249.844,258,13,0,0,0,0,0,0,0.2829278,0.1538462,0.1538462,NaN,False,True,0,0,0,0,0,0,0,0,0
22550,2254.849,293,12,0,1,1,0,0,0,0.3212917,0,0,NaN,False,True,0,0,0,0,0,0,0,0,0
22600,2259.854,347,10,0,0,0,0,0,0,0.4823278,0,0,NaN,False,True,0,0,0,0,0,0,0,0,0
22650,2264.859,401,10,0,0,0,0,0,0,0.1058941,0,0,NaN,False,True,0,0,0,0,0,0,0,0,0
22700,2269.864,482,10,0,42,0,42,0,1,0.1061735,0,0,0,False,True,0,0,0,0,0,0,0,0,0
22750,2274.868,563,10,0,13,6,7,0,1,0.1956723,0.2,0.1111111,1,False,True,0,0,0,0,0,0,0,0,0
22800,2279.873,634,9,0,53,0,53,0,1,0.3001538,0,0,0,False,True,0,0,0,0,0,0,0,0,0
22850,2284.878,730,9,0,74,74,0,0,0,0.3277117,0,0,NaN,False,True,0,0,0,0,0,0,0,0,0
22900,2289.883,827,5,0,39,0,39,0,1,0.2407131,0,0,0,False,True,0,0,0,0,0,0,0,0,0
22950,2294.888,938,5,0,96,0,96,0,2,0.5157726,0,0,0,False,True,0,0,0,0,0,0,0,0,0
23000,2299.893,1066,5,0,64,0,64,0,3,0.1963842,0,0,0,False,True,0,0,0,0,0,0,0,0,0
23050,2304.898,1200,5,0,43,21,22,0,1,0.2519061,0,0,0,False,True,0,0,0,0,0,0,0,0,0
23100,2309.903,1346,7,0,43,0,43,0,3,0.2684538,0.5714286,0.25,1,False,True,0,0,0,0,0,0,0,0,0
23150,2314.907,1501,6,0,0,0,0,0,0,0.2791963,0,0,NaN,False,True,0,0,0,0,0,0,0,0,0
23200,2319.912,1676,6,0,6,6,0,0,0,0.1903292,0.3333333,0.3333333,NaN,False,True,0,0,0,0,0,0,0,0,0
23250,2324.917,1900,7,0,81,13,68,0,2,0.264594,0.5714286,0.4,1,False,True,0,0,0,0,0,0,0,0,0
23300,2329.922,2114,7,0,24,7,17,0,2,0.3296593,0,0,0,False,True,0,0,0,0,0,0,0,0,0
23350,2334.927,2404,7,0,0,0,0,0,2,0.2160114,0,0,0,False,True,0,0,0,0,0,0,0,0,0
23400,2339.932,2670,6,0,9,1,8,0,1,0.3086254,0.3333333,0.4,0,False,True,0,0,0,0,0,0,0,0,0
23450,2344.937,2913,8,0,205,171,34,0,1,0.4882082,0,0,0,False,True,0,0,0,0,0,0,0,0,0
23500,2349.942,3222,9,0,251,71,180,1,5,0.5099311,0.6666667,0.75,0.6,False,True,0,0,0,0,0,0,0,0,0
23550,2354.947,3505,12,0,488,52,436,1,7,0.2385571,0.3333333,0,0.5714286,False,True,0,0,0,0,0,0,0,0,0
23600,2359.951,3808,11,0,400,34,366,1,7,0.2668541,0,0,0,False,True,0,0,0,0,0,0,0,0,0
23650,2364.956,4094,11,0,378,92,286,0,5,0.1480664,0.1818182,0,0.4,False,True,0,0,0,0,0,0,0,0,0
23700,2369.961,4389,14,0,433,117,316,0,7,0.08980576,0.4285714,0.5714286,0.2857143,False,True,0,0,0,0,0,0,0,0,0
23750,2374.966,4707,13,0,425,98,327,0,6,0.269749,0.3076923,0.2857143,0.3333333,False,True,0,0,0,0,0,0,0,0,0
23800,2379.971,4971,13,0,381,98,283,0,6,0.1663255,1.076923,1.142857,1,False,True,0,0,0,0,0,0,0,0,0
23850,2384.976,5219,15,0,544,220,324,0,7,0.1659688,0.2666667,0.375,0.1428571,False,True,0,0,0,0,0,0,0,0,0
23900,2389.981,5479,13,0,492,262,230,2,4,0.3664311,0.3846154,0.1111111,1,False,True,0,0,0,0,0,0,0,0,0
23950,2394.986,5713,17,0,721,143,578,0,13,0.1776205,0.1176471,0,0.1538462,False,True,0,0,0,0,0,0,0,0,0
24000,2399.99,5942,21,0,1248,328,920,1,16,0.1839994,0.2857143,0.4,0.25,False,True,0,0,0,0,0,0,0,0,0
24050,2404.995,6162,22,0,1116,297,819,0,17,0.2788066,0.09090909,0,0.1176471,False,True,0,0,0,0,0,0,0,0,0
24100,2410,6329,25,0,1226,129,1097,1,21,0.139579,0.16,0.5,0.0952381,False,True,0,0,0,0,0,0,0,0,0
24150,2415.005,6505,31,0,1630,375,1255,0,23,0.01774646,0.516129,0.375,0.5652174,False,True,0,0,0,0,0,0,0,0,0
24200,2420.01,6650,37,0,1965,599,1366,0,24,0.0377197,0.4324324,0.5384616,0.375,False,True,0,0,0,0,0,0,0,0,0
24250,2425.015,6801,39,0,1983,439,1544,1,30,0.1570055,0.4102564,0.7777778,0.3,False,True,0,0,0,0,0,0,0,0,0
24300,2430.02,6910,46,0,2640,912,1728,1,29,0.2489304,0.4782609,0.5882353,0.4137931,False,True,0,0,0,0,0,0,0,0,0
24350,2435.025,6993,58,0,3460,962,2498,1,41,0.1656444,0.6896552,0.7058824,0.6829268,False,True,0,0,0,0,0,0,0,0,0
24400,2440.03,7054,75,0,4427,1229,3198,2,52,0.1087281,0.9466667,0.8695652,0.9807692,False,True,0,0,0,0,0,0,0,0,0
24450,2445.034,7098,88,0,5110,572,4538,5,74,0.06947858,1.136364,0.9285714,1.175676,False,True,0,0,0,0,0,0,0,0,0
24500,2450.039,7134,104,0,6006,1294,4712,3,81,0.108288,1.057692,1.26087,1,False,True,0,0,0,0,0,0,0,0,0
24550,2455.044,7135,128,0,7184,1406,5778,1,100,0.1116208,1.25,1.142857,1.28,False,True,0,0,0,0,0,0,0,0,0
24600,2460.049,7136,160,0,8981,2279,6702,3,120,0.1116297,1.63125,1.775,1.583333,False,True,0,0,0,0,0,0,0,0,0
24650,2465.054,7086,193,0,10958,2336,8622,7,147,0.1573642,1.865285,1.608696,1.945578,False,True,0,0,0,0,0,0,0,0,0
24700,2470.059,7024,231,0,13010,2092,10918,5,191,0.1871832,1.995671,2.225,1.947644,False,True,0,0,0,0,0,0,0,0,0
24750,2475.064,6924,277,0,15859,4048,11811,8,203,0.09082004,2.64982,2.621622,2.660099,False,True,0,0,0,0,0,0,0,0,0
24800,2480.069,6761,325,0,18008,3345,14663,6,262,0.1262059,3.144615,3.222222,3.125954,False,True,0,0,0,0,0,0,0,0,0
24850,2485.073,6606,374,0,19981,4534,15447,9,285,0.1496861,3.248663,3.292135,3.235088,False,True,0,0,0,0,0,0,0,0,0
24900,2490.078,6373,472,0,23899,6031,17868,11,342,0.1708357,3.949152,3.869231,3.979532,False,True,0,0,0,0,0,0,0,0,0
24950,2495.083,6096,539,0,26184,6436,19748,14,399,0.1371276,4.289425,4.571429,4.190476,False,True,0,0,0,0,0,0,0,0,0
25000,2500.088,5789,634,0,28826,7999,20827,9,451,0.1327264,5.23817,5.497268,5.133038,False,True,0,0,0,0,0,0,0,0,0
25050,2505.093,5505,750,0,32093,9975,22118,15,509,0.1172257,6.313334,6.73444,6.113949,False,True,0,0,0,0,0,0,0,0,0
25100,2510.098,5076,910,0,36791,10934,25857,15,623,0.08918335,7.29011,7.303136,7.284109,False,True,0,0,0,0,0,0,0,0,0
25150,2515.103,4564,1039,0,38662,11660,27002,6,704,0.1381836,8.456208,8.692537,8.34375,False,True,0,0,0,0,0,0,0,0,0
25200,2520.108,4004,1180,0,39305,12446,26859,15,779,0.1348578,9.573729,9.753118,9.481386,False,True,0,0,0,0,0,0,0,0,0
25250,2525.113,3346,1368,0,37945,12200,25745,18,854,0.1325369,11.1133,10.6751,11.37705,False,True,0,0,0,0,0,0,0,0,0
25300,2530.117,2793,1462,0,34820,11423,23397,15,869,0.1443984,11.86388,11.42327,12.16456,False,True,0,0,0,0,0,0,0,0,0
25350,2535.122,2224,1581,0,30192,12038,18154,13,814,0.1553124,12.94181,12.63233,13.23342,False,True,0,0,0,0,0,0,0,0,0
25400,2540.127,1643,1661,0,23061,9325,13736,12,778,0.1489469,13.30464,13.10079,13.53599,False,True,0,0,0,0,0,0,0,0,0
25450,2545.132,1172,1681,0,17564,8106,9458,12,654,0.1320785,13.25937,12.86173,13.88379,False,True,0,0,0,0,0,0,0,0,0
25500,2550.137,783,1663,0,11820,5777,6043,12,562,0.1415352,13.29345,12.7911,14.27758,False,True,0,0,0,0,0,0,0,0,0
25550,2555.142,504,1620,0,7132,4077,3055,8,407,0.1179791,12.97284,12.79555,13.50123,False,True,0,0,0,0,0,0,0,0,0
25600,2560.147,334,1535,0,4523,2799,1724,5,268,0.1098669,12.157,12,12.89925,False,True,0,0,0,0,0,0,0,0,0
25650,2565.152,219,1437,0,2648,1696,952,0,201,0.08965867,11.12804,11.08091,11.41791,False,True,0,0,0,0,0,0,0,0,0
25700,2570.156,129,1317,0,1365,1022,343,1,126,0.07502585,10.36598,10.31402,10.85714,False,True,0,0,0,0,0,0,0,0,0
25750,2575.161,77,1210,0,650,504,146,0,78,0.06839101,9.351239,9.378092,8.961538,False,True,0,0,0,0,0,0,0,0,0
25800,2580.166,39,1107,0,380,309,71,0,50,0.04790575,8.375791,8.380322,8.28,False,True,0,0,0,0,0,0,0,0,0
25850,2585.171,23,1013,0,200,173,27,0,36,0.04627002,7.906219,7.899693,8.083333,False,True,0,0,0,0,0,0,0,0,0
25900,2590.176,22,909,0,181,179,2,0,13,0.03304143,7.179318,7.186384,6.692307,False,True,0,0,0,0,0,0,0,0,0
25950,2595.181,11,834,0,60,52,8,0,18,0.02612631,6.418465,6.420343,6.333333,False,True,0,0,0,0,0,0,0,0,0
26000,2600.186,9,748,0,61,60,1,0,10,0.03406091,5.627006,5.631436,5.3,False,True,0,0,0,0,0,0,0,0,0
26050,2605.191,7,675,0,33,32,1,0,4,0.02191019,5.305185,5.308495,4.75,False,True,0,0,0,0,0,0,0,0,0
26100,2610.196,7,612,0,31,31,0,0,1,0.02092594,4.892157,4.89689,2,False,True,0,0,0,0,0,0,0,0,0
26150,2615.2,7,561,0,26,26,0,0,1,0.0530741,4.647059,4.646429,5,False,True,0,0,0,0,0,0,0,0,0
26200,2620.205,9,485,0,39,36,3,1,2,0.05070781,4.049485,4.035197,7.5,False,True,0,0,0,0,0,0,0,0,0
26250,2625.21,9,441,0,33,29,4,0,2,0.0539474,3.351474,3.346241,4.5,False,True,0,0,0,0,0,0,0,0,0
26300,2630.215,10,394,0,40,40,0,0,1,0.04313211,3.091371,3.091603,3,False,True,0,0,0,0,0,0,0,0,0
26350,2635.22,10,351,0,30,30,0,0,1,0.0567046,2.871795,2.874286,2,False,True,0,0,0,0,0,0,0,0,0
26400,2640.225,9,325,0,25,24,1,0,1,0.05543426,2.553846,2.558642,1,False,True,0,0,0,0,0,0,0,0,0
26450,2645.23,8,286,0,8,5,3,1,1,0.03988766,2.314685,2.322807,0,False,True,0,0,0,0,0,0,0,0,0
26500,2650.235,5,258,0,4,2,2,0,3,0.05148956,1.930233,1.92549,2.333333,False,True,0,0,0,0,0,0,0,0,0
26550,2655.24,5,228,0,8,8,0,0,1,0.05919561,1.964912,1.951542,5,False,True,0,0,0,0,0,0,0,0,0
26600,2660.244,3,207,0,2,2,0,0,2,0.09406601,1.748792,1.736585,3,False,True,0,0,0,0,0,0,0,0,0
26650,2665.249,4,179,0,6,6,0,0,1,0.05158503,1.441341,1.438202,2,False,True,0,0,0,0,0,0,0,0,0
26700,2670.254,4,164,0,4,4,0,0,1,0.09832744,1.317073,1.306749,3,False,True,0,0,0,0,0,0,0,0,0
26750,2675.259,3,142,0,5,5,0,0,0,0.0803285,1.15493,1.15493,NaN,False,True,0,0,0,0,0,0,0,0,0
26800,2680.264,3,128,0,6,6,0,0,1,0.08148173,1.15625,1.15748,1,False,True,0,0,0,0,0,0,0,0,0
26850,2685.269,5,114,0,9,9,0,0,1,0.03416495,1.105263,1.115044,0,False,True,0,0,0,0,0,0,0,0,0
26900,2690.274,5,103,0,3,3,0,0,1,0.06762383,0.6699029,0.6764706,0,False,True,0,0,0,0,0,0,0,0,0
26950,2695.279,5,97,0,1,1,0,0,0,0.08759043,0.7628866,0.7628866,NaN,False,True,0,0,0,0,0,0,0,0,0
27000,2700.283,7,82,0,9,9,0,0,0,0.1646708,0.6585366,0.6585366,NaN,False,True,0,0,0,0,0,0,0,0,0
27050,2705.288,10,76,0,12,9,3,0,1,0.2100663,0.6578947,0.6533333,1,False,True,0,0,0,0,0,0,0,0,0
27100,2710.293,13,70,0,11,11,0,0,0,0.1719229,0.4571429,0.4571429,NaN,False,True,0,0,0,0,0,0,0,0,0
27150,2715.298,14,64,0,17,17,0,0,1,0.1645775,0.53125,0.5396826,0,False,True,0,0,0,0,0,0,0,0,0
27200,2720.303,13,52,0,0,0,0,0,1,0.08237472,0.3076923,0.3137255,0,False,True,0,0,0,0,0,0,0,0,0
27250,2725.308,14,48,0,8,8,0,0,0,0.175253,0.4166667,0.4166667,NaN,False,True,0,0,0,0,0,0,0,0,0
27300,2730.313,17,44,0,1,1,0,0,0,0.1583394,0.1818182,0.1818182,NaN,False,True,0,0,0,0,0,0,0,0,0
27350,2735.318,21,39,0,3,0,3,0,1,0.08875024,0.4102564,0.4210526,0,False,True,0,0,0,0,0,0,0,0,0
27400,2740.323,24,33,0,11,11,0,0,0,0.127637,0.1818182,0.1818182,NaN,False,True,0,0,0,0,0,0,0,0,0
27450,2745.327,27,29,0,5,5,0,0,0,0.08043174,0.3448276,0.3448276,NaN,False,True,0,0,0,0,0,0,0,0,0
27500,2750.332,31,27,0,0,0,0,0,0,0.1686555,0.2222222,0.2222222,NaN,False,True,0,0,0,0,0,0,0,0,0
27550,2755.337,38,25,0,0,0,0,0,0,0.1734819,0.16,0.16,NaN,False,True,0,0,0,0,0,0,0,0,0
27600,2760.342,47,23,0,0,0,0,0,0,0.2310387,0.3478261,0.3478261,NaN,False,True,0,0,0,0,0,0,0,0,0
27650,2765.347,56,21,0,21,21,0,0,0,0.1145948,0.0952381,0.0952381,NaN,False,True,0,0,0,0,0,0,0,0,0
27700,2770.352,67,21,0,42,15,27,0,1,0.1302039,0,0,0,False,True,0,0,0,0,0,0,0,0,0
27750,2775.357,77,20,0,0,0,0,0,0,0.1116644,0.2,0.2,NaN,False,True,0,0,0,0,0,0,0,0,0
27800,2780.362,89,17,0,0,0,0,0,0,0.1136714,0.1176471,0.1176471,NaN,False,True,0,0,0,0,0,0,0,0,0
27850,2785.366,105,15,0,0,0,0,0,0,0.1740271,0.2666667,0.2666667,NaN,False,True,0,0,0,0,0,0,0,0,0
27900,2790.371,121,16,0,34,15,19,0,1,0.2084924,0.125,0.06666667,1,False,True,0,0,0,0,0,0,0,0,0
27950,2795.376,130,16,0,39,1,38,0,2,0.1684916,0,0,0,False,True,0,0,0,0,0,0,0,0,0
28000,2800.381,143,15,0,2,2,0,0,0,0.2929033,0,0,NaN,False,True,0,0,0,0,0,0,0,0,0
28050,2805.386,165,15,0,38,21,17,0,1,0.1830837,0.1333333,0.1428571,0,False,True,0,0,0,0,0,0,0,0,0
28100,2810.391,179,14,0,0,0,0,0,2,0.2069995,0.1428571,0.08333334,0.5,False,True,0,0,0,0,0,0,0,0,0
28150,2815.396,220,14,0,20,20,0,0,1,0.08330796,0.1428571,0.1538462,0,False,True,0,0,0,0,0,0,0,0,0
28200,2820.401,253,14,0,55,40,15,0,2,0.1238483,0,0,0,False,True,0,0,0,0,0,0,0,0,0
28250,2825.406,301,12,0,17,6,11,0,3,0.2787279,0,0,0,False,True,0,0,0,0,0,0,0,0,0
28300,2830.41,340,12,0,56,0,56,0,3,0.3496682,0,0,0,False,True,0,0,0,0,0,0,0,0,0
28350,2835.415,397,12,0,47,13,34,0,3,0.4316714,0,0,0,False,True,0,0,0,0,0,0,0,0,0
28400,2840.42,462,11,0,0,0,0,0,1,0.4626124,0,0,0,False,True,0,0,0,0,0,0,0,0,0
28450,2845.425,528,11,0,1,1,0,0,0,0.3784223,0,0,NaN,False,True,0,0,0,0,0,0,0,0,0
28500,2850.43,597,9,0,66,66,0,0,0,0.2933069,0,0,NaN,False,True,0,0,0,0,0,0,0,0,0
28550,2855.435,669,8,0,56,5,51,0,2,0.1233276,0,0,0,False,True,0,0,0,0,0,0,0,0,0
28600,2860.44,757,8,0,31,0,31,0,1,0.1891585,0.25,0.2857143,0,False,True,0,0,0,0,0,0,0,0,0
28650,2865.445,861,8,0,0,0,0,0,0,0.3206051,0,0,NaN,False,True,0,0,0,0,0,0,0,0,0
28700,2870.449,987,6,0,33,0,33,0,1,0.4029985,0.3333333,0.4,0,False,True,0,0,0,0,0,0,0,0,0
28750,2875.454,1120,6,0,60,1,59,0,1,0.4584874,0.3333333,0.4,0,False,True,0,0,0,0,0,0,0,0,0
28800,2880.459,1265,6,0,87,87,0,0,0,0.6488909,0,0,NaN,False,True,0,0,0,0,0,0,0,0,0
28850,2885.464,1468,8,0,187,54,133,0,3,0.4133309,0.5,0.6,0.3333333,False,True,0,0,0,0,0,0,0,0,0
28900,2890.469,1676,8,0,184,116,68,0,3,0.5185625,0.25,0.4,0,False,True,0,0,0,0,0,0,0,0,0
28950,2895.474,1877,10,0,342,111,231,0,5,0.3299113,1.2,0,2.4,False,True,0,0,0,0,0,0,0,0,0
29000,2900.479,2097,13,0,264,74,190,0,7,0.1440859,0.9230769,0.8333333,1,False,True,0,0,0,0,0,0,0,0,0
29050,2905.484,2365,15,0,391,67,324,0,7,0.1337476,0.1333333,0,0.2857143,False,True,0,0,0,0,0,0,0,0,0
29100,2910.489,2624,15,0,261,51,210,0,6,0.04989584,0.1333333,0.2222222,0,False,True,0,0,0,0,0,0,0,0,0
29150,2915.493,2884,12,0,135,106,29,0,2,0.1610455,0,0,0,False,True,0,0,0,0,0,0,0,0,0
29200,2920.498,3143,14,0,294,165,129,0,7,0.1006798,0.1428571,0,0.2857143,False,True,0,0,0,0,0,0,0,0,0
29250,2925.503,3418,13,0,372,202,170,0,5,0.2756942,0.4615385,0.375,0.6,False,True,0,0,0,0,0,0,0,0,0
29300,2930.508,3679,14,0,473,156,317,0,8,0.1722343,0.1428571,0.1666667,0.125,False,True,0,0,0,0,0,0,0,0,0
29350,2935.513,3957,15,0,528,84,444,0,9,0.3692938,0.2666667,0.3333333,0.2222222,False,True,0,0,0,0,0,0,0,0,0
29400,2940.518,4254,16,0,405,147,258,0,10,0.4323816,0.375,0.1666667,0.5,False,True,0,0,0,0,0,0,0,0,0
29450,2945.523,4560,14,0,425,224,201,0,6,0.4535148,0.2857143,0.125,0.5,False,True,0,0,0,0,0,0,0,0,0
29500,2950.528,4827,19,0,833,359,474,1,10,0.3382885,0.4210526,0.2222222,0.6,False,True,0,0,0,0,0,0,0,0,0
29550,2955.532,5079,21,0,961,272,689,0,16,0.2377129,0.2857143,0.2,0.3125,False,True,0,0,0,0,0,0,0,0,0
29600,2960.537,5317,24,0,1017,128,889,0,20,0.3584729,0.1666667,0,0.2,False,True,0,0,0,0,0,0,0,0,0
29650,2965.542,5577,26,0,1210,351,859,1,16,0.3084218,0.2307692,0.2,0.25,False,True,0,0,0,0,0,0,0,0,0
29700,2970.547,5805,33,0,1343,153,1190,0,27,0.3364815,0.6060606,1.166667,0.4814815,False,True,0,0,0,0,0,0,0,0,0
29750,2975.552,6040,36,0,1527,193,1334,0,30,0.2273566,0.3888889,0.8333333,0.3,False,True,0,0,0,0,0,0,0,0,0
29800,2980.557,6212,42,0,1995,449,1546,0,32,0.1902164,0.5238096,0.5,0.53125,False,True,0,0,0,0,0,0,0,0,0
29850,2985.562,6379,47,0,2378,533,1845,1,39,0.2310628,0.3617021,0.25,0.3846154,False,True,0,0,0,0,0,0,0,0,0
29900,2990.567,6513,57,0,2960,522,2438,0,46,0.1329381,0.7017544,0.9090909,0.6521739,False,True,0,0,0,0,0,0,0,0,0
29950,2995.572,6632,69,0,3532,991,2541,3,48,0.1205285,0.7681159,0.7619048,0.7708333,False,True,0,0,0,0,0,0,0,0,0
30000,3000.576,6720,81,0,4578,1168,3410,1,60,0.1484712,0.5925926,0.6666667,0.5666667,False,True,0,0,0,0,0,0,0,0,0
30050,3005.581,6788,97,0,5445,1282,4163,2,79,0.150721,0.8556701,0.6666667,0.8987342,False,True,0,0,0,0,0,0,0,0,0
30100,3010.586,6845,110,0,5638,1326,4312,3,83,0.177394,1.281818,1.074074,1.349398,False,True,0,0,0,0,0,0,0,0,0
30150,3015.591,6900,121,0,6404,1296,5108,2,95,0.1826547,1.041322,1.269231,0.9789473,False,True,0,0,0,0,0,0,0,0,0
30200,3020.596,6916,145,0,7579,2063,5516,2,105,0.2200696,1.572414,1.675,1.533333,False,True,0,0,0,0,0,0,0,0,0
30250,3025.601,6915,174,0,8873,1965,6908,7,127,0.1629437,1.505747,1.468085,1.519685,False,True,0,0,0,0,0,0,0,0,0
30300,3030.606,6844,224,0,11737,2688,9049,4,171,0.1804541,1.982143,2.45283,1.836257,False,True,0,0,0,0,0,0,0,0,0
30350,3035.611,6747,287,0,15558,3889,11669,6,217,0.2102503,2.498258,2.6,2.465438,False,True,0,0,0,0,0,0,0,0,0
30400,3040.615,6640,353,0,18352,4956,13396,5,260,0.1511636,3.133144,3.215054,3.103846,False,True,0,0,0,0,0,0,0,0,0
30450,3045.62,6443,448,0,23583,5776,17807,9,331,0.1140454,4.060268,3.735043,4.175227,False,True,0,0,0,0,0,0,0,0,0
30500,3050.625,6180,545,0,26846,7001,19845,9,401,0.09822252,4.555964,4.722222,4.496259,False,True,0,0,0,0,0,0,0,0,0
30550,3055.63,5885,666,0,31725,8090,23635,17,478,0.1039437,5.539039,5.473404,5.564854,False,True,0,0,0,0,0,0,0,0,0
30600,3060.635,5462,788,0,35896,9331,26565,10,580,0.1083251,6.607868,6.586538,6.615517,False,True,0,0,0,0,0,0,0,0,0
30650,3065.64,4994,924,0,36895,11199,25696,14,617,0.1201968,7.589827,7.716612,7.526742,False,True,0,0,0,0,0,0,0,0,0
30700,3070.645,4472,1049,0,37491,11045,26446,15,709,0.1122179,8.451859,8.685294,8.339915,False,True,0,0,0,0,0,0,0,0,0
30750,3075.65,3988,1160,0,37656,11203,26453,13,751,0.105499,9.251724,9.129584,9.318242,False,True,0,0,0,0,0,0,0,0,0
30800,3080.655,3427,1275,0,35882,11145,24737,16,795,0.1083852,10.06118,9.920834,10.14591,False,True,0,0,0,0,0,0,0,0,0
30850,3085.659,2806,1456,0,34509,12553,21956,17,799,0.09905735,11.87225,11.48402,12.19149,False,True,0,0,0,0,0,0,0,0,0
30900,3090.664,2223,1543,0,28504,11672,16832,14,777,0.09314084,12.61439,12.453,12.77349,False,True,0,0,0,0,0,0,0,0,0
30950,3095.669,1624,1636,0,22341,9278,13063,15,754,0.1234433,13.14364,12.89229,13.43767,False,True,0,0,0,0,0,0,0,0,0
31000,3100.674,1173,1657,0,16211,7967,8244,7,622,0.121408,13.08751,12.98164,13.26367,False,True,0,0,0,0,0,0,0,0,0
31050,3105.679,790,1633,0,10879,5357,5522,8,554,0.1285959,12.88916,12.74977,13.16065,False,True,0,0,0,0,0,0,0,0,0
31100,3110.684,479,1589,0,7050,3819,3231,5,432,0.1075807,12.57458,12.39412,13.05787,False,True,0,0,0,0,0,0,0,0,0
31150,3115.689,275,1478,0,3503,2295,1208,2,288,0.09728803,11.96888,11.81513,12.60417,False,True,0,0,0,0,0,0,0,0,0
31200,3120.694,175,1383,0,2021,1453,568,6,177,0.0968279,10.90456,10.88557,11.0339,False,True,0,0,0,0,0,0,0,0,0
31250,3125.698,112,1252,0,1383,1103,280,1,106,0.09321602,9.924122,9.879581,10.40566,False,True,0,0,0,0,0,0,0,0,0
31300,3130.703,69,1133,0,658,532,126,0,69,0.08321375,8.871139,8.915414,8.188406,False,True,0,0,0,0,0,0,0,0,0
31350,3135.708,48,1028,0,341,316,25,0,37,0.06998612,8.031128,8.034308,7.945946,False,True,0,0,0,0,0,0,0,0,0
31400,3140.713,40,944,0,292,241,51,0,25,0.02656008,7.40678,7.42111,6.88,False,True,0,0,0,0,0,0,0,0,0
31450,3145.718,30,859,0,187,147,40,0,23,0.007064076,6.920838,6.930622,6.565217,False,True,0,0,0,0,0,0,0,0,0
31500,3150.723,17,792,0,151,129,22,0,16,0.007318567,6.272727,6.270618,6.375,False,True,0,0,0,0,0,0,0,0,0
31550,3155.728,15,713,0,58,51,7,0,11,0.01462576,5.412342,5.420228,4.909091,False,True,0,0,0,0,0,0,0,0,0
31600,3160.733,14,653,0,63,63,0,1,4,0.008443386,4.906585,4.890601,7.5,False,True,0,0,0,0,0,0,0,0,0
31650,3165.738,11,587,0,47,42,5,0,2,0.01457417,4.555366,4.557265,4,False,True,0,0,0,0,0,0,0,0,0
31700,3170.742,9,535,0,29,29,0,0,0,0.01171861,4.196262,4.196262,NaN,False,True,0,0,0,0,0,0,0,0,0
31750,3175.747,8,491,0,32,32,0,0,0,0.02188813,4.071283,4.071283,NaN,False,True,0,0,0,0,0,0,0,0,0
31800,3180.752,9,440,0,47,42,5,0,2,0.03300529,3.502273,3.493151,5.5,False,True,0,0,0,0,0,0,0,0,0
31850,3185.757,9,405,0,40,40,0,0,0,0.06846398,3.22963,3.22963,NaN,False,True,0,0,0,0,0,0,0,0,0
31900,3190.762,5,369,0,16,16,0,0,2,0.06970683,2.834688,2.836512,2.5,False,True,0,0,0,0,0,0,0,0,0
31950,3195.767,6,332,0,17,14,3,0,2,0.04443193,2.506024,2.50303,3,False,True,0,0,0,0,0,0,0,0,0
32000,3200.772,9,302,0,25,25,0,0,0,0.02190997,2.370861,2.370861,NaN,False,True,0,0,0,0,0,0,0,0,0
32050,3205.777,11,273,0,14,14,0,0,1,0.03072306,2.051282,2.047794,3,False,True,0,0,0,0,0,0,0,0,0
32100,3210.781,14,251,0,40,39,1,0,1,0.01045274,2.111554,2.108,3,False,True,0,0,0,0,0,0,0,0,0
32150,3215.786,12,225,0,24,17,7,0,4,0.03670412,1.875556,1.873303,2,False,True,0,0,0,0,0,0,0,0,0
32200,3220.791,13,206,0,21,16,5,0,5,0.02170429,1.524272,1.512438,2,False,True,0,0,0,0,0,0,0,0,0
32250,3225.796,13,191,0,5,5,0,0,3,0.03343718,1.591623,1.590425,1.666667,False,True,0,0,0,0,0,0,0,0,0
32300,3230.801,12,168,0,7,0,7,0,2,0.02403827,1.303571,1.307229,1,False,True,0,0,0,0,0,0,0,0,0
32350,3235.806,12,154,0,22,18,4,1,0,0.07547779,1.11039,1.11039,NaN,False,True,0,0,0,0,0,0,0,0,0
32400,3240.811,15,140,0,18,18,0,0,1,0.0801271,1.085714,1.086331,1,False,True,0,0,0,0,0,0,0,0,0
32450,3245.816,17,122,0,25,25,0,0,0,0.1511457,0.7540984,0.7540984,NaN,False,True,0,0,0,0,0,0,0,0,0
32500,3250.821,17,113,0,37,35,2,0,2,0.1930479,0.8495575,0.8468468,1,False,True,0,0,0,0,0,0,0,0,0
32550,3255.825,14,97,0,21,10,11,0,3,0.1910168,0.7628866,0.7872341,0,False,True,0,0,0,0,0,0,0,0,0
32600,3260.83,18,83,0,31,31,0,0,0,0.1824814,0.6506024,0.6506024,NaN,False,True,0,0,0,0,0,0,0,0,0
32650,3265.835,21,73,0,2,2,0,0,0,0.1145076,0.4657534,0.4657534,NaN,False,True,0,0,0,0,0,0,0,0,0
32700,3270.84,24,65,0,7,7,0,0,0,0.1302491,0.5846154,0.5846154,NaN,False,True,0,0,0,0,0,0,0,0,0
32750,3275.845,29,61,0,10,10,0,0,0,0.2163213,0.3278688,0.3278688,NaN,False,True,0,0,0,0,0,0,0,0,0
32800,3280.85,37,57,0,0,0,0,0,0,0.1815216,0.2807018,0.2807018,NaN,False,True,0,0,0,0,0,0,0,0,0
32850,3285.855,43,50,0,2,2,0,0,0,0.1261596,0.48,0.48,NaN,False,True,0,0,0,0,0,0,0,0,0
32900,3290.86,49,46,0,38,38,0,0,0,0.1406611,0.5652174,0.5652174,NaN,False,True,0,0,0,0,0,0,0,0,0
32950,3295.865,56,41,0,1,1,0,0,0,0.08121528,0.2926829,0.2926829,NaN,False,True,0,0,0,0,0,0,0,0,0
33000,3300.869,72,32,0,0,0,0,0,0,0.3127196,0.125,0.125,NaN,False,True,0,0,0,0,0,0,0,0,0
33050,3305.874,82,29,0,70,41,29,0,1,0.2193561,0.4137931,0.3928571,1,False,True,0,0,0,0,0,0,0,0,0
33100,3310.879,100,27,0,58,52,6,0,1,0.2518892,0.07407407,0.07692308,0,False,True,0,0,0,0,0,0,0,0,0
33150,3315.884,111,21,0,2,2,0,0,1,0.1390927,0.0952381,0.1,0,False,True,0,0,0,0,0,0,0,0,0
33200,3320.889,138,22,0,125,15,110,0,4,0.1106102,0,0,0,False,True,0,0,0,0,0,0,0,0,0
33250,3325.894,158,12,0,0,0,0,0,0,0.3140084,0.1666667,0.1666667,NaN,False,True,0,0,0,0,0,0,0,0,0
33300,3330.899,183,11,0,0,0,0,0,0,0.4068069,0.1818182,0.1818182,NaN,False,True,0,0,0,0,0,0,0,0,0
33350,3335.904,224,10,0,35,4,31,0,1,0.342108,0,0,0,False,True,0,0,0,0,0,0,0,0,0
33400,3340.908,252,7,0,18,0,18,0,1,0.4052725,0.5714286,0.6666667,0,False,True,0,0,0,0,0,0,0,0,0
33450,3345.913,285,8,0,41,18,23,0,1,0.2562505,0.5,0.4285714,1,False,True,0,0,0,0,0,0,0,0,0
33500,3350.918,341,7,0,20,0,20,0,2,0.1496655,0.2857143,0.2,0.5,False,True,0,0,0,0,0,0,0,0,0
33550,3355.923,373,6,0,0,0,0,0,1,0.1735464,0,0,0,False,True,0,0,0,0,0,0,0,0,0
33600,3360.928,426,5,0,3,3,0,0,0,0.3911858,0,0,NaN,False,True,0,0,0,0,0,0,0,0,0
33650,3365.933,489,4,0,15,15,0,0,1,0.1488519,0,0,0,False,True,0,0,0,0,0,0,0,0,0
33700,3370.938,559,3,0,38,38,0,0,0,0.4454878,0,0,NaN,False,True,0,0,0,0,0,0,0,0,0
33750,3375.943,638,4,0,72,47,25,0,1,0.2988545,0.5,0.3333333,1,False,True,0,0,0,0,0,0,0,0,0
33800,3380.948,730,7,0,204,51,153,0,5,0.2296852,0.8571429,1,0.8,False,True,0,0,0,0,0,0,0,0,0
33850,3385.952,829,10,0,283,60,223,0,8,0.4682381,0.2,0,0.25,False,True,0,0,0,0,0,0,0,0,0
33900,3390.957,922,14,0,249,127,122,0,7,0.3559806,0.4285714,0.2857143,0.5714286,False,True,0,0,0,0,0,0,0,0,0
33950,3395.962,1019,17,0,185,99,86,1,6,0.281853,0.3529412,0.2727273,0.5,False,True,0,0,0,0,0,0,0,0,0
34000,3400.967,1140,18,0,161,152,9,1,2,0.2516299,0.5555556,0.5,1,False,True,0,0,0,0,0,0,0,0,0
34050,3405.972,1283,16,0,67,5,62,0,1,0.1258457,0,0,0,False,True,0,0,0,0,0,0,0,0,0
34100,3410.977,1441,12,0,143,108,35,0,1,0.2679296,0.1666667,0.1818182,0,False,True,0,0,0,0,0,0,0,0,0
34150,3415.982,1618,15,0,402,129,273,0,7,0.286078,0.4,0.375,0.4285714,False,True,0,0,0,0,0,0,0,0,0
34200,3420.987,1794,15,0,246,69,177,0,5,0.1941615,0,0,0,False,True,0,0,0,0,0,0,0,0,0
34250,3425.991,1998,16,0,300,30,270,0,5,0.3150331,0.25,0.3636364,0,False,True,0,0,0,0,0,0,0,0,0
34300,3430.996,2230,16,0,240,84,156,0,6,0.3675288,0.25,0.3,0.1666667,False,True,0,0,0,0,0,0,0,0,0
34350,3436.001,2461,15,0,128,46,82,0,6,0.3531885,0.1333333,0.1111111,0.1666667,False,True,0,0,0,0,0,0,0,0,0
34400,3441.006,2729,17,0,390,179,211,1,7,0.3769404,0.1176471,0,0.2857143,False,True,0,0,0,0,0,0,0,0,0
34450,3446.011,2977,20,0,586,110,476,0,12,0.3933584,0.3,0.375,0.25,False,True,0,0,0,0,0,0,0,0,0
34500,3451.016,3268,19,0,516,178,338,0,9,0.3630193,0.1052632,0,0.2222222,False,True,0,0,0,0,0,0,0,0,0
34550,3456.021,3556,24,0,873,352,521,2,12,0.3497579,0.3333333,0.3333333,0.3333333,False,True,0,0,0,0,0,0,0,0,0
34600,3461.026,3835,29,0,1266,346,920,1,19,0.1889237,0.2758621,0.3,0.2631579,False,True,0,0,0,0,0,0,0,0,0
34650,3466.031,4125,33,0,1120,215,905,0,22,0.1536387,0.3636364,0.5454546,0.2727273,False,True,0,0,0,0,0,0,0,0,0
34700,3471.035,4412,39,0,1021,244,777,0,22,0.3082779,0.6153846,0.5882353,0.6363636,False,True,0,0,0,0,0,0,0,0,0
34750,3476.04,4683,47,0,1577,467,1110,2,25,0.2649426,0.3404255,0.2272727,0.44,False,True,0,0,0,0,0,0,0,0,0
34800,3481.045,4938,51,0,2330,469,1861,3,36,0.203701,0.6862745,0.6,0.7222222,False,True,0,0,0,0,0,0,0,0,0
34850,3486.05,5180,55,0,2274,728,1546,0,35,0.1363387,0.7272727,1,0.5714286,False,True,0,0,0,0,0,0,0,0,0
34900,3491.055,5409,62,0,2864,571,2293,1,43,0.2352675,0.7580645,0.4736842,0.8837209,False,True,0,0,0,0,0,0,0,0,0
34950,3496.06,5619,66,0,2995,792,2203,5,43,0.2935736,0.9393939,0.9130435,0.9534883,False,True,0,0,0,0,0,0,0,0,0
35000,3501.065,5833,68,0,3411,856,2555,1,49,0.1132361,0.7352941,0.8421053,0.6938776,False,True,0,0,0,0,0,0,0,0,0
35050,3506.07,6018,81,0,4147,1179,2968,2,58,0.1651637,0.8765432,1.043478,0.8103448,False,True,0,0,0,0,0,0,0,0,0
35100,3511.074,6176,87,0,4105,1238,2867,1,61,0.1632935,1.011494,1.038462,1,False,True,0,0,0,0,0,0,0,0,0
35150,3516.079,6310,92,0,4550,1354,3196,1,63,0.1896189,0.8478261,1.068966,0.7460318,False,True,0,0,0,0,0,0,0,0,0
35200,3521.084,6430,99,0,5068,1376,3692,2,69,0.1433649,1.050505,0.8333333,1.144928,False,True,0,0,0,0,0,0,0,0,0
35250,3526.089,6502,117,0,5857,1149,4708,2,92,0.1742045,0.957265,1.12,0.9130435,False,True,0,0,0,0,0,0,0,0,0
35300,3531.094,6570,129,0,6679,2005,4674,1,94,0.1797367,1.651163,2.371428,1.382979,False,True,0,0,0,0,0,0,0,0,0
35350,3536.099,6617,156,0,7568,2178,5390,4,108,0.2091106,1.557692,1.791667,1.453704,False,True,0,0,0,0,0,0,0,0,0
35400,3541.104,6604,196,0,9924,2425,7499,3,151,0.2039472,1.933674,2.622222,1.728477,False,True,0,0,0,0,0,0,0,0,0
35450,3546.109,6553,244,0,12729,2860,9869,7,183,0.1876143,1.844262,1.590164,1.928962,False,True,0,0,0,0,0,0,0,0,0
35500,3551.114,6456,295,0,15264,3439,11825,7,217,0.1366418,2.386441,2.51282,2.341014,False,True,0,0,0,0,0,0,0,0,0
35550,3556.118,6322,355,0,17823,3508,14315,9,277,0.1315722,3.090141,3.435897,2.99278,False,True,0,0,0,0,0,0,0,0,0
35600,3561.123,6197,406,0,19705,5358,14347,12,291,0.1100733,3.189655,3.043478,3.247423,False,True,0,0,0,0,0,0,0,0,0
35650,3566.128,5982,504,0,22695,5779,16916,6,366,0.1343413,4.418651,4.681159,4.319672,False,True,0,0,0,0,0,0,0,0,0
35700,3571.133,5764,582,0,25493,6810,18683,11,410,0.1235381,4.857388,4.97093,4.809756,False,True,0,0,0,0,0,0,0,0,0
35750,3576.138,5474,656,0,28155,6842,21313,9,475,0.1432782,5.635671,6.049724,5.477895,False,True,0,0,0,0,0,0,0,0,0
35800,3581.143,5123,761,0,31685,9046,22639,13,531,0.1247158,6.638633,6.908696,6.521657,False,True,0,0,0,0,0,0,0,0,0
35850,3586.148,4730,892,0,34530,9950,24580,12,604,0.1304427,7.31278,7.357639,7.291391,False,True,0,0,0,0,0,0,0,0,0
35900,3591.153,4221,1052,0,35141,11613,23528,15,673,0.1170564,8.562737,8.490766,8.603269,False,True,0,0,0,0,0,0,0,0,0
35950,3596.157,3653,1213,0,35948,11542,24406,16,752,0.1305693,9.866446,9.681128,9.980053,False,True,0,0,0,0,0,0,0,0,0
36000,3601.162,3055,1362,0,34116,11886,22230,10,811,0.1274163,11.06094,10.93285,11.14797,False,True,0,0,0,0,0,0,0,0,0
36050,3606.167,2452,1468,0,29213,10987,18226,20,811,0.1451488,11.39441,11.16895,11.57707,False,True,0,0,0,0,0,0,0,0,0
36100,3611.172,1920,1533,0,23379,9883,13496,11,748,0.142738,12.11024,12.12994,12.08957,False,True,0,0,0,0,0,0,0,0,0
36150,3616.177,1437,1580,0,18670,8706,9964,10,681,0.122748,12.51709,12.32147,12.77533,False,True,0,0,0,0,0,0,0,0,0
36200,3621.182,982,1576,0,13254,6920,6334,9,576,0.1233392,12.56916,12.566,12.57465,False,True,0,0,0,0,0,0,0,0,0
36250,3626.187,630,1560,0,8258,4825,3433,2,455,0.1181834,12.03718,12.12036,11.83517,False,True,0,0,0,0,0,0,0,0,0
36300,3631.192,393,1507,0,5276,3601,1675,3,313,0.1119564,11.76576,11.73451,11.88498,False,True,0,0,0,0,0,0,0,0,0
36350,3636.197,252,1412,0,3069,2143,926,2,216,0.1141353,10.83782,10.81355,10.97222,False,True,0,0,0,0,0,0,0,0,0
36400,3641.201,153,1310,0,1627,1236,391,4,138,0.1243178,10.29618,10.22014,10.94203,False,True,0,0,0,0,0,0,0,0,0
36450,3646.206,86,1213,0,816,650,166,3,96,0.1196107,9.648805,9.658012,9.541667,False,True,0,0,0,0,0,0,0,0,0
36500,3651.211,56,1121,0,527,470,57,1,59,0.08755238,8.596788,8.552731,9.389831,False,True,0,0,0,0,0,0,0,0,0
36550,3656.216,44,1026,0,333,303,30,0,34,0.09318071,7.903509,7.912298,7.647059,False,True,0,0,0,0,0,0,0,0,0
36600,3661.221,28,932,0,234,213,21,1,24,0.1026519,7.25,7.236784,7.75,False,True,0,0,0,0,0,0,0,0,0
36650,3666.226,17,837,0,126,114,12,0,17,0.09002811,6.747909,6.731707,7.529412,False,True,0,0,0,0,0,0,0,0,0
36700,3671.231,15,768,0,120,106,14,0,13,0.07044426,6.041667,6.051656,5.461538,False,True,0,0,0,0,0,0,0,0,0
36750,3676.236,13,704,0,60,56,4,0,10,0.05716157,5.50142,5.498559,5.7,False,True,0,0,0,0,0,0,0,0,0
36800,3681.24,8,641,0,33,32,1,0,4,0.02293735,5.076443,5.073783,5.5,False,True,0,0,0,0,0,0,0,0,0
36850,3686.245,6,581,0,26,19,7,0,3,0.01610366,4.82272,4.814879,6.333333,False,True,0,0,0,0,0,0,0,0,0
36900,3691.25,4,535,0,14,11,3,0,1,0.03799337,4.328972,4.333333,2,False,True,0,0,0,0,0,0,0,0,0
36950,3696.255,5,491,0,10,10,0,0,0,0.05202118,3.790224,3.790224,NaN,False,True,0,0,0,0,0,0,0,0,0
37000,3701.26,5,445,0,18,18,0,0,1,0.1047919,3.303371,3.308558,1,False,True,0,0,0,0,0,0,0,0,0
37050,3706.265,5,398,0,11,11,0,0,0,0.1008225,2.947236,2.947236,NaN,False,True,0,0,0,0,0,0,0,0,0
37100,3711.27,4,362,0,14,14,0,0,0,0.07953899,2.925414,2.925414,NaN,False,True,0,0,0,0,0,0,0,0,0
37150,3716.275,4,330,0,7,7,0,0,0,0.04415663,2.6,2.6,NaN,False,True,0,0,0,0,0,0,0,0,0
37200,3721.28,4,295,0,13,13,0,0,0,0.04116561,2.227119,2.227119,NaN,False,True,0,0,0,0,0,0,0,0,0
37250,3726.284,4,260,0,8,7,1,0,1,0.04315783,1.992308,1.992278,2,False,True,0,0,0,0,0,0,0,0,0
37300,3731.289,3,237,0,7,5,2,0,2,0.03262523,1.890295,1.889362,2,False,True,0,0,0,0,0,0,0,0,0
37350,3736.294,3,205,0,1,1,0,0,0,0.04988707,1.795122,1.795122,NaN,False,True,0,0,0,0,0,0,0,0,0
37400,3741.299,2,190,0,0,0,0,0,0,0.0651671,1.710526,1.710526,NaN,False,True,0,0,0,0,0,0,0,0,0
37450,3746.304,0,166,0,0,0,0,0,1,0.08294874,1.26506,1.272727,0,False,True,0,0,0,0,0,0,0,0,0
37500,3751.309,0,153,0,0,0,0,0,0,0.0658342,1.163399,1.163399,NaN,False,True,0,0,0,0,0,0,0,0,0
37550,3756.314,0,134,0,0,0,0,0,0,0.03685912,1.044776,1.044776,NaN,False,True,0,0,0,0,0,0,0,0,0
37600,3761.319,0,124,0,0,0,0,0,0,0.05060533,1.112903,1.112903,NaN,False,True,0,0,0,0,0,0,0,0,0
37650,3766.323,0,114,0,0,0,0,0,0,0.06123579,1.122807,1.122807,NaN,False,True,0,0,0,0,0,0,0,0,0
37700,3771.328,0,105,0,0,0,0,0,0,0.04892678,0.6476191,0.6476191,NaN,False,True,0,0,0,0,0,0,0,0,0
37750,3776.333,0,96,0,0,0,0,0,0,0.01659383,0.7708333,0.7708333,NaN,False,True,0,0,0,0,0,0,0,0,0
37800,3781.338,0,87,0,0,0,0,0,0,0.05471559,0.7356322,0.7356322,NaN,False,True,0,0,0,0,0,0,0,0,0
37850,3786.343,0,76,0,0,0,0,0,0,0.09371149,0.4473684,0.4473684,NaN,False,True,0,0,0,0,0,0,0,0,0
37900,3791.348,0,66,0,0,0,0,0,0,0.03128514,0.4848485,0.4848485,NaN,False,True,0,0,0,0,0,0,0,0,0
37950,3796.353,0,61,0,0,0,0,0,0,0.04410493,0.5901639,0.5901639,NaN,False,True,0,0,0,0,0,0,0,0,0
38000,3801.358,0,58,0,0,0,0,0,0,0.09757204,0.2068966,0.2068966,NaN,False,True,0,0,0,0,0,0,0,0,0
38050,3806.363,0,54,0,0,0,0,0,0,0.1294172,0.6296296,0.6296296,NaN,False,True,0,0,0,0,0,0,0,0,0
38100,3811.367,0,50,0,0,0,0,0,0,0.1414448,0.28,0.28,NaN,False,True,0,0,0,0,0,0,0,0,0
38150,3816.372,0,40,0,0,0,0,0,0,0.1994239,0.15,0.15,NaN,False,True,0,0,0,0,0,0,0,0,0
38200,3821.377,0,40,0,0,0,0,0,0,0.143785,0.35,0.35,NaN,False,True,0,0,0,0,0,0,0,0,0
38250,3826.382,0,35,0,0,0,0,0,0,0.1363976,0.1714286,0.1714286,NaN,False,True,0,0,0,0,0,0,0,0,0
38300,3831.387,0,31,0,0,0,0,0,0,0.1604766,0.2580645,0.2580645,NaN,False,True,0,0,0,0,0,0,0,0,0
38350,3836.392,0,28,0,0,0,0,0,0,0.06560291,0.1428571,0.1428571,NaN,False,True,0,0,0,0,0,0,0,0,0
38400,3841.397,0,24,0,0,0,0,0,0,0.1771581,0.08333334,0.08333334,NaN,False,True,0,0,0,0,0,0,0,0,0
38450,3846.402,0,20,0,0,0,0,0,0,0.2518648,0,0,NaN,False,True,0,0,0,0,0,0,0,0,0
38500,3851.406,0,18,0,0,0,0,0,0,0.2444735,0.1111111,0.1111111,NaN,False,True,0,0,0,0,0,0,0,0,0
38550,3856.411,0,18,0,0,0,0,0,0,0.3240701,0.1111111,0.1111111,NaN,False,True,0,0,0,0,0,0,0,0,0
38600,3861.416,0,14,0,0,0,0,0,0,0.4078332,0,0,NaN,False,True,0,0,0,0,0,0,0,0,0
38650,3866.421,0,13,0,0,0,0,0,0,0.2090548,0.3076923,0.3076923,NaN,False,True,0,0,0,0,0,0,0,0,0
38700,3871.426,0,10,0,0,0,0,0,0,0.1828122,0,0,NaN,False,True,0,0,0,0,0,0,0,0,0
38750,3876.431,0,7,0,0,0,0,0,0,0.3119408,0,0,NaN,False,True,0,0,0,0,0,0,0,0,0
38800,3881.436,0,6,0,0,0,0,0,0,0.4338981,0,0,NaN,False,True,0,0,0,0,0,0,0,0,0
38850,3886.441,0,6,0,0,0,0,0,0,0.4428521,0,0,NaN,False,True,0,0,0,0,0,0,0,0,0
38900,3891.446,0,6,0,0,0,0,0,0,0.4828786,0,0,NaN,False,True,0,0,0,0,0,0,0,0,0
38950,3896.45,0,6,0,0,0,0,0,0,0.2776472,0,0,NaN,False,True,0,0,0,0,0,0,0,0,0
39000,3901.455,0,5,0,0,0,0,0,0,0.1608931,0.4,0.4,NaN,False,True,0,0,0,0,0,0,0,0,0
39050,3906.46,0,5,0,0,0,0,0,0,0.03884809,0,0,NaN,False,True,0,0,0,0,0,0,0,0,0
39100,3911.465,0,5,0,0,0,0,0,0,0.1363724,0,0,NaN,False,True,0,0,0,0,0,0,0,0,0
39150,3916.47,0,5,0,0,0,0,0,0,0.1622397,0,0,NaN,False,True,0,0,0,0,0,0,0,0,0
39200,3921.475,0,5,0,0,0,0,0,0,0.4047665,0,0,NaN,False,True,0,0,0,0,0,0,0,0,0
39250,3926.48,0,4,0,0,0,0,0,0,0.426962,0,0,NaN,False,True,0,0,0,0,0,0,0,0,0
39300,3931.485,0,4,0,0,0,0,0,0,0.4794078,0,0,NaN,False,True,0,0,0,0,0,0,0,0,0
39350,3936.49,0,3,0,0,0,0,0,0,0.9649739,0,0,NaN,False,True,0,0,0,0,0,0,0,0,0
39400,3941.494,0,2,0,0,0,0,0,0,0.9282871,0,0,NaN,False,True,0,0,0,0,0,0,0,0,0
39450,3946.499,0,2,0,0,0,0,0,0,0.5846439,0,0,NaN,False,True,0,0,0,0,0,0,0,0,0
39500,3951.504,0,1,0,0,0,0,0,0,1,0,0,NaN,False,True,0,0,0,0,0,0,0,0,0
39550,3956.509,0,1,0,0,0,0,0,0,1,0,0,NaN,False,True,0,0,0,0,0,0,0,0,0
39600,3961.514,0,1,0,0,0,0,0,0,1,0,0,NaN,False,True,0,0,0,0,0,0,0,0,0
39650,3966.519,0,1,0,0,0,0,0,0,1,0,0,NaN,False,True,0,0,0,0,0,0,0,0,0
39700,3971.524,0,1,0,0,0,0,0,0,1,0,0,NaN,False,True,0,0,0,0,0,0,0,0,0
39750,3976.529,0,1,0,0,0,0,0,0,1,0,0,NaN,False,True,0,0,0,0,0,0,0,0,0
39800,3981.533,0,1,0,0,0,0,0,0,1,0,0,NaN,False,True,0,0,0,0,0,0,0,0,0
39850,3986.538,0,1,0,0,0,0,0,0,1,0,0,NaN,False,True,0,0,0,0,0,0,0,0,0
39900,3991.543,0,1,0,0,0,0,0,0,1,0,0,NaN,False,True,0,0,0,0,0,0,0,0,0
39950,3996.548,0,1,0,0,0,0,0,0,1,0,0,NaN,False,True,0,0,0,0,0,0,0,0,0
40000,4001.553,0,1,0,0,0,0,0,0,1,0,0,NaN,False,True,0,0,0,0,0,0,0,0,0
40050,4006.558,0,1,0,0,0,0,0,0,1,0,0,NaN,False,True,0,0,0,0,0,0,0,0,0
40100,4011.563,0,1,0,0,0,0,0,0,1,0,0,NaN,False,True,0,0,0,0,0,0,0,0,0
40150,4016.568,0,1,0,0,0,0,0,0,1,0,0,NaN,False,True,0,0,0,0,0,0,0,0,0
40200,4021.573,0,1,0,0,0,0,0,0,1,0,0,NaN,False,True,0,0,0,0,0,0,0,0,0
40250,4026.577,0,1,0,0,0,0,0,0,1,0,0,NaN,False,True,0,0,0,0,0,0,0,0,0
40300,4031.582,0,1,0,0,0,0,0,0,1,0,0,NaN,False,True,0,0,0,0,0,0,0,0,0
40350,4036.587,0,1,0,0,0,0,0,0,1,0,0,NaN,False,True,0,0,0,0,0,0,0,0,0
40400,4041.592,0,1,0,0,0,0,0,0,1,0,0,NaN,False,True,0,0,0,0,0,0,0,0,0
40450,4046.597,0,0,0,0,0,0,0,0,0,0,0,NaN,False,True,0,0,0,0,0,0,0,0,0
